-- --------------------------------------------------------
-- Host:                         127.0.0.1
-- Server version:               10.1.10-MariaDB - mariadb.org binary distribution
-- Server OS:                    Win32
-- HeidiSQL Version:             9.3.0.4984
-- --------------------------------------------------------

/*!40101 SET @OLD_CHARACTER_SET_CLIENT=@@CHARACTER_SET_CLIENT */;
/*!40101 SET NAMES utf8mb4 */;
/*!40014 SET @OLD_FOREIGN_KEY_CHECKS=@@FOREIGN_KEY_CHECKS, FOREIGN_KEY_CHECKS=0 */;
/*!40101 SET @OLD_SQL_MODE=@@SQL_MODE, SQL_MODE='NO_AUTO_VALUE_ON_ZERO' */;

-- Dumping database structure for eav_slim3_db
DROP DATABASE IF EXISTS `eav_slim3_db`;
CREATE DATABASE IF NOT EXISTS `eav_slim3_db` /*!40100 DEFAULT CHARACTER SET utf8 */;
USE `eav_slim3_db`;


-- Dumping structure for table eav_slim3_db.application
DROP TABLE IF EXISTS `application`;
CREATE TABLE IF NOT EXISTS `application` (
  `id` int(11) unsigned NOT NULL AUTO_INCREMENT,
  `name` varchar(64) COLLATE utf8_unicode_ci NOT NULL,
  PRIMARY KEY (`id`)
) ENGINE=InnoDB AUTO_INCREMENT=3 DEFAULT CHARSET=utf8 COLLATE=utf8_unicode_ci;

-- Dumping data for table eav_slim3_db.application: ~2 rows (approximately)
DELETE FROM `application`;
/*!40000 ALTER TABLE `application` DISABLE KEYS */;
INSERT INTO `application` (`id`, `name`) VALUES
	(1, 'System'),
	(2, 'Blah!');
/*!40000 ALTER TABLE `application` ENABLE KEYS */;


-- Dumping structure for table eav_slim3_db.attribute
DROP TABLE IF EXISTS `attribute`;
CREATE TABLE IF NOT EXISTS `attribute` (
  `id` int(10) unsigned NOT NULL AUTO_INCREMENT,
  `id_entity` int(10) unsigned DEFAULT NULL,
  `id_type` int(10) unsigned DEFAULT NULL,
  `name` varchar(64) COLLATE utf8_unicode_ci NOT NULL,
  `order` int(10) unsigned NOT NULL DEFAULT '1',
  `size` int(10) unsigned NOT NULL,
  `inline` tinyint(1) NOT NULL DEFAULT '0',
  `css` varchar(255) COLLATE utf8_unicode_ci NOT NULL DEFAULT '',
  `description` varchar(255) COLLATE utf8_unicode_ci DEFAULT '',
  PRIMARY KEY (`id`),
  KEY `IDX_BFF28068281FF185` (`id_entity`),
  KEY `IDX_BFF280687FE4B2B` (`id_type`),
  CONSTRAINT `FK_BFF28068281FF185` FOREIGN KEY (`id_entity`) REFERENCES `entity` (`id`),
  CONSTRAINT `FK_BFF280687FE4B2B` FOREIGN KEY (`id_type`) REFERENCES `type` (`id`)
) ENGINE=InnoDB AUTO_INCREMENT=6 DEFAULT CHARSET=utf8 COLLATE=utf8_unicode_ci;

-- Dumping data for table eav_slim3_db.attribute: ~5 rows (approximately)
DELETE FROM `attribute`;
/*!40000 ALTER TABLE `attribute` DISABLE KEYS */;
INSERT INTO `attribute` (`id`, `id_entity`, `id_type`, `name`, `order`, `size`, `inline`, `css`, `description`) VALUES
	(1, 1, 2, 'Title', 1, 20, 0, '.post-title', NULL),
	(2, 1, 3, 'Post', 2, 100, 0, '.post-post', NULL),
	(3, 1, 1, 'PostViews', 3, 10, 0, '.post-postviews', NULL),
	(4, 2, 2, 'Name', 1, 20, 0, '.identification-name', NULL),
	(5, 2, 1, 'Age', 2, 2, 0, '.identification-age', NULL);
/*!40000 ALTER TABLE `attribute` ENABLE KEYS */;


-- Dumping structure for table eav_slim3_db.attribute_value_int
DROP TABLE IF EXISTS `attribute_value_int`;
CREATE TABLE IF NOT EXISTS `attribute_value_int` (
  `id` int(10) unsigned NOT NULL AUTO_INCREMENT,
  `id_register` bigint(20) unsigned DEFAULT NULL,
  `id_attribute` int(10) unsigned DEFAULT NULL,
  `value` int(11) DEFAULT NULL,
  PRIMARY KEY (`id`),
  UNIQUE KEY `idx_unique_register_value_int` (`id_register`,`id_attribute`),
  KEY `idx_register_attribute` (`id_register`,`id_attribute`),
  KEY `IDX_C52E99F57A4F53DC` (`id_attribute`),
  CONSTRAINT `FK_C52E99F57A4F53DC` FOREIGN KEY (`id_attribute`) REFERENCES `attribute` (`id`),
  CONSTRAINT `FK_C52E99F5F22AC81` FOREIGN KEY (`id_register`) REFERENCES `register` (`id`)
) ENGINE=InnoDB AUTO_INCREMENT=16 DEFAULT CHARSET=utf8 COLLATE=utf8_unicode_ci;

-- Dumping data for table eav_slim3_db.attribute_value_int: ~11 rows (approximately)
DELETE FROM `attribute_value_int`;
/*!40000 ALTER TABLE `attribute_value_int` DISABLE KEYS */;
INSERT INTO `attribute_value_int` (`id`, `id_register`, `id_attribute`, `value`) VALUES
	(1, 2, 3, 1750),
	(2, 3, 3, 10),
	(3, 16, 3, 16),
	(4, 17, 3, 17),
	(9, 18, 5, 170),
	(10, 19, 5, 38),
	(11, 21, 3, 15),
	(12, 22, 3, 1000),
	(13, 23, 3, 2),
	(14, 24, 3, 20),
	(15, 27, 3, 25);
/*!40000 ALTER TABLE `attribute_value_int` ENABLE KEYS */;


-- Dumping structure for table eav_slim3_db.attribute_value_string_256
DROP TABLE IF EXISTS `attribute_value_string_256`;
CREATE TABLE IF NOT EXISTS `attribute_value_string_256` (
  `id` int(10) unsigned NOT NULL AUTO_INCREMENT,
  `id_register` bigint(20) unsigned DEFAULT NULL,
  `id_attribute` int(10) unsigned DEFAULT NULL,
  `value` varchar(256) COLLATE utf8_unicode_ci DEFAULT NULL,
  PRIMARY KEY (`id`),
  KEY `IDX_BFE467F7F22AC81` (`id_register`),
  KEY `IDX_BFE467F77A4F53DC` (`id_attribute`),
  CONSTRAINT `FK_BFE467F77A4F53DC` FOREIGN KEY (`id_attribute`) REFERENCES `attribute` (`id`),
  CONSTRAINT `FK_BFE467F7F22AC81` FOREIGN KEY (`id_register`) REFERENCES `register` (`id`)
) ENGINE=InnoDB AUTO_INCREMENT=15 DEFAULT CHARSET=utf8 COLLATE=utf8_unicode_ci;

-- Dumping data for table eav_slim3_db.attribute_value_string_256: ~10 rows (approximately)
DELETE FROM `attribute_value_string_256`;
/*!40000 ALTER TABLE `attribute_value_string_256` DISABLE KEYS */;
INSERT INTO `attribute_value_string_256` (`id`, `id_register`, `id_attribute`, `value`) VALUES
	(1, 2, 2, 'Lorem ipsilum! Yeah!'),
	(2, 3, 2, 'Lorem ipsilum!'),
	(3, 16, 2, 'Meu post register 16'),
	(4, 17, 2, 'Register17'),
	(9, 18, 2, 'Novo post'),
	(10, 21, 2, 'Post, post'),
	(11, 22, 2, 'Post, post, post'),
	(12, 23, 2, 'Post XYZ - 123'),
	(13, 24, 2, 'Post XYZ - 654'),
	(14, 27, 2, 'Post XYZ - 333');
/*!40000 ALTER TABLE `attribute_value_string_256` ENABLE KEYS */;


-- Dumping structure for table eav_slim3_db.attribute_value_string_32
DROP TABLE IF EXISTS `attribute_value_string_32`;
CREATE TABLE IF NOT EXISTS `attribute_value_string_32` (
  `id` int(10) unsigned NOT NULL AUTO_INCREMENT,
  `id_register` bigint(20) unsigned DEFAULT NULL,
  `id_attribute` int(10) unsigned DEFAULT NULL,
  `value` varchar(32) COLLATE utf8_unicode_ci DEFAULT NULL,
  PRIMARY KEY (`id`),
  KEY `IDX_BC1335C1F22AC81` (`id_register`),
  KEY `IDX_BC1335C17A4F53DC` (`id_attribute`),
  CONSTRAINT `FK_BC1335C17A4F53DC` FOREIGN KEY (`id_attribute`) REFERENCES `attribute` (`id`),
  CONSTRAINT `FK_BC1335C1F22AC81` FOREIGN KEY (`id_register`) REFERENCES `register` (`id`)
) ENGINE=InnoDB AUTO_INCREMENT=19 DEFAULT CHARSET=utf8 COLLATE=utf8_unicode_ci;

-- Dumping data for table eav_slim3_db.attribute_value_string_32: ~12 rows (approximately)
DELETE FROM `attribute_value_string_32`;
/*!40000 ALTER TABLE `attribute_value_string_32` DISABLE KEYS */;
INSERT INTO `attribute_value_string_32` (`id`, `id_register`, `id_attribute`, `value`) VALUES
	(1, 2, 1, 'Hi, baby!!!!'),
	(2, 3, 1, 'bzzzz! Oh yeah!'),
	(4, 16, 1, 'Título'),
	(10, 17, 1, 'Title17'),
	(11, 18, 4, 'Novo Yeah'),
	(12, 19, 4, 'Ruth'),
	(13, 21, 1, 'Novo Reg Entity1'),
	(14, 22, 1, 'Mais um'),
	(15, 23, 1, 'Título X'),
	(16, 24, 1, 'Título X'),
	(17, 26, 1, 'Título X'),
	(18, 27, 1, 'Título X');
/*!40000 ALTER TABLE `attribute_value_string_32` ENABLE KEYS */;


-- Dumping structure for table eav_slim3_db.comment
DROP TABLE IF EXISTS `comment`;
CREATE TABLE IF NOT EXISTS `comment` (
  `id` int(11) NOT NULL AUTO_INCREMENT,
  `post_id` int(11) NOT NULL,
  `content` longtext COLLATE utf8_unicode_ci NOT NULL,
  `authorEmail` varchar(255) COLLATE utf8_unicode_ci NOT NULL,
  `publishedAt` datetime NOT NULL,
  PRIMARY KEY (`id`),
  KEY `IDX_5BC96BF04B89032C` (`post_id`),
  CONSTRAINT `FK_5BC96BF04B89032C` FOREIGN KEY (`post_id`) REFERENCES `post` (`id`)
) ENGINE=InnoDB AUTO_INCREMENT=151 DEFAULT CHARSET=utf8 COLLATE=utf8_unicode_ci;

-- Dumping data for table eav_slim3_db.comment: ~150 rows (approximately)
DELETE FROM `comment`;
/*!40000 ALTER TABLE `comment` DISABLE KEYS */;
INSERT INTO `comment` (`id`, `post_id`, `content`, `authorEmail`, `publishedAt`) VALUES
	(1, 1, 'Pellentesque vitae velit ex Mauris dapibus risus quis suscipit vulputate', 'john_user@symfony.com', '0000-00-00 00:00:00'),
	(2, 1, 'Mauris dapibus risus quis suscipit vulputate Urna nisl sollicitudin id varius orci quam id turpis Morbi tempus commodo mattis Nunc viverra elit ac laoreet suscipit Ut suscipit posuere justo at vulputate Aliquam sodales odio id eleifend tristique Lorem ipsum dolor sit amet consectetur adipiscing elit Sed varius a risus eget aliquam In hac habitasse platea dictumst Pellentesque vitae velit ex Curabitur aliquam euismod dolor non ornare Eros diam egestas libero eu vulputate risus', 'john_user@symfony.com', '0000-00-00 00:00:00'),
	(3, 1, 'Mauris dapibus risus quis suscipit vulputate Pellentesque et sapien pulvinar consectetur Ut suscipit posuere justo at vulputate Sed varius a risus eget aliquam Lorem ipsum dolor sit amet consectetur adipiscing elit Nunc viverra elit ac laoreet suscipit Pellentesque vitae velit ex Nulla porta lobortis ligula vel egestas Ut eleifend mauris et risus ultrices egestas Curabitur aliquam euismod dolor non ornare', 'john_user@symfony.com', '0000-00-00 00:00:00'),
	(4, 1, 'Morbi tempus commodo mattis Nunc viverra elit ac laoreet suscipit Mauris dapibus risus quis suscipit vulputate Ut eleifend mauris et risus ultrices egestas Ut suscipit posuere justo at vulputate', 'john_user@symfony.com', '0000-00-00 00:00:00'),
	(5, 1, 'Pellentesque et sapien pulvinar consectetur In hac habitasse platea dictumst', 'john_user@symfony.com', '0000-00-00 00:00:00'),
	(6, 2, 'Mauris dapibus risus quis suscipit vulputate Nunc viverra elit ac laoreet suscipit Sed varius a risus eget aliquam Morbi tempus commodo mattis Ut suscipit posuere justo at vulputate Nulla porta lobortis ligula vel egestas Curabitur aliquam euismod dolor non ornare Eros diam egestas libero eu vulputate risus Urna nisl sollicitudin id varius orci quam id turpis Ut eleifend mauris et risus ultrices egestas Lorem ipsum dolor sit amet consectetur adipiscing elit Aliquam sodales odio id eleifend tristique', 'john_user@symfony.com', '0000-00-00 00:00:00'),
	(7, 2, 'Sed varius a risus eget aliquam Urna nisl sollicitudin id varius orci quam id turpis In hac habitasse platea dictumst Pellentesque vitae velit ex Eros diam egestas libero eu vulputate risus', 'john_user@symfony.com', '0000-00-00 00:00:00'),
	(8, 2, 'Nulla porta lobortis ligula vel egestas Curabitur aliquam euismod dolor non ornare In hac habitasse platea dictumst Mauris dapibus risus quis suscipit vulputate Urna nisl sollicitudin id varius orci quam id turpis Pellentesque et sapien pulvinar consectetur Lorem ipsum dolor sit amet consectetur adipiscing elit', 'john_user@symfony.com', '0000-00-00 00:00:00'),
	(9, 2, 'Urna nisl sollicitudin id varius orci quam id turpis Pellentesque et sapien pulvinar consectetur Morbi tempus commodo mattis Aliquam sodales odio id eleifend tristique Ut eleifend mauris et risus ultrices egestas Curabitur aliquam euismod dolor non ornare Mauris dapibus risus quis suscipit vulputate Lorem ipsum dolor sit amet consectetur adipiscing elit', 'john_user@symfony.com', '0000-00-00 00:00:00'),
	(10, 2, 'Morbi tempus commodo mattis Eros diam egestas libero eu vulputate risus Mauris dapibus risus quis suscipit vulputate In hac habitasse platea dictumst Ut suscipit posuere justo at vulputate Aliquam sodales odio id eleifend tristique Nulla porta lobortis ligula vel egestas', 'john_user@symfony.com', '0000-00-00 00:00:00'),
	(11, 3, 'Morbi tempus commodo mattis Nulla porta lobortis ligula vel egestas In hac habitasse platea dictumst Urna nisl sollicitudin id varius orci quam id turpis Nunc viverra elit ac laoreet suscipit Ut suscipit posuere justo at vulputate Mauris dapibus risus quis suscipit vulputate Curabitur aliquam euismod dolor non ornare', 'john_user@symfony.com', '0000-00-00 00:00:00'),
	(12, 3, 'Ut suscipit posuere justo at vulputate', 'john_user@symfony.com', '0000-00-00 00:00:00'),
	(13, 3, 'Ut eleifend mauris et risus ultrices egestas Eros diam egestas libero eu vulputate risus In hac habitasse platea dictumst Curabitur aliquam euismod dolor non ornare Aliquam sodales odio id eleifend tristique Ut suscipit posuere justo at vulputate Mauris dapibus risus quis suscipit vulputate Lorem ipsum dolor sit amet consectetur adipiscing elit Nulla porta lobortis ligula vel egestas Urna nisl sollicitudin id varius orci quam id turpis Pellentesque vitae velit ex Morbi tempus commodo mattis', 'john_user@symfony.com', '0000-00-00 00:00:00'),
	(14, 3, 'Eros diam egestas libero eu vulputate risus', 'john_user@symfony.com', '0000-00-00 00:00:00'),
	(15, 3, 'In hac habitasse platea dictumst Mauris dapibus risus quis suscipit vulputate Lorem ipsum dolor sit amet consectetur adipiscing elit Nunc viverra elit ac laoreet suscipit Morbi tempus commodo mattis Pellentesque et sapien pulvinar consectetur Ut suscipit posuere justo at vulputate Aliquam sodales odio id eleifend tristique Sed varius a risus eget aliquam Urna nisl sollicitudin id varius orci quam id turpis Nulla porta lobortis ligula vel egestas Pellentesque vitae velit ex Curabitur aliquam euismod dolor non ornare Ut eleifend mauris et risus ultrices egestas', 'john_user@symfony.com', '0000-00-00 00:00:00'),
	(16, 4, 'Pellentesque vitae velit ex Lorem ipsum dolor sit amet consectetur adipiscing elit Aliquam sodales odio id eleifend tristique Nulla porta lobortis ligula vel egestas In hac habitasse platea dictumst Ut eleifend mauris et risus ultrices egestas Curabitur aliquam euismod dolor non ornare Nunc viverra elit ac laoreet suscipit Eros diam egestas libero eu vulputate risus', 'john_user@symfony.com', '0000-00-00 00:00:00'),
	(17, 4, 'Curabitur aliquam euismod dolor non ornare Sed varius a risus eget aliquam Lorem ipsum dolor sit amet consectetur adipiscing elit Mauris dapibus risus quis suscipit vulputate Ut eleifend mauris et risus ultrices egestas In hac habitasse platea dictumst Ut suscipit posuere justo at vulputate Pellentesque vitae velit ex Pellentesque et sapien pulvinar consectetur', 'john_user@symfony.com', '0000-00-00 00:00:00'),
	(18, 4, 'In hac habitasse platea dictumst Nulla porta lobortis ligula vel egestas Mauris dapibus risus quis suscipit vulputate', 'john_user@symfony.com', '0000-00-00 00:00:00'),
	(19, 4, 'Curabitur aliquam euismod dolor non ornare', 'john_user@symfony.com', '0000-00-00 00:00:00'),
	(20, 4, 'Pellentesque et sapien pulvinar consectetur Lorem ipsum dolor sit amet consectetur adipiscing elit In hac habitasse platea dictumst Urna nisl sollicitudin id varius orci quam id turpis Ut eleifend mauris et risus ultrices egestas Curabitur aliquam euismod dolor non ornare Ut suscipit posuere justo at vulputate Mauris dapibus risus quis suscipit vulputate Sed varius a risus eget aliquam Pellentesque vitae velit ex Morbi tempus commodo mattis Nulla porta lobortis ligula vel egestas Aliquam sodales odio id eleifend tristique Nunc viverra elit ac laoreet suscipit', 'john_user@symfony.com', '0000-00-00 00:00:00'),
	(21, 5, 'Sed varius a risus eget aliquam Pellentesque et sapien pulvinar consectetur Curabitur aliquam euismod dolor non ornare Nunc viverra elit ac laoreet suscipit In hac habitasse platea dictumst Nulla porta lobortis ligula vel egestas Mauris dapibus risus quis suscipit vulputate Urna nisl sollicitudin id varius orci quam id turpis', 'john_user@symfony.com', '0000-00-00 00:00:00'),
	(22, 5, 'Morbi tempus commodo mattis Nulla porta lobortis ligula vel egestas Nunc viverra elit ac laoreet suscipit Pellentesque et sapien pulvinar consectetur In hac habitasse platea dictumst Urna nisl sollicitudin id varius orci quam id turpis Curabitur aliquam euismod dolor non ornare Lorem ipsum dolor sit amet consectetur adipiscing elit Sed varius a risus eget aliquam Eros diam egestas libero eu vulputate risus Mauris dapibus risus quis suscipit vulputate Ut suscipit posuere justo at vulputate Aliquam sodales odio id eleifend tristique Ut eleifend mauris et risus ultrices egestas', 'john_user@symfony.com', '0000-00-00 00:00:00'),
	(23, 5, 'Ut suscipit posuere justo at vulputate Pellentesque vitae velit ex In hac habitasse platea dictumst Eros diam egestas libero eu vulputate risus Pellentesque et sapien pulvinar consectetur Nunc viverra elit ac laoreet suscipit Sed varius a risus eget aliquam Urna nisl sollicitudin id varius orci quam id turpis Morbi tempus commodo mattis', 'john_user@symfony.com', '0000-00-00 00:00:00'),
	(24, 5, 'Ut suscipit posuere justo at vulputate Aliquam sodales odio id eleifend tristique Lorem ipsum dolor sit amet consectetur adipiscing elit Sed varius a risus eget aliquam Nunc viverra elit ac laoreet suscipit In hac habitasse platea dictumst Urna nisl sollicitudin id varius orci quam id turpis Mauris dapibus risus quis suscipit vulputate Ut eleifend mauris et risus ultrices egestas', 'john_user@symfony.com', '0000-00-00 00:00:00'),
	(25, 5, 'Ut eleifend mauris et risus ultrices egestas Nunc viverra elit ac laoreet suscipit Urna nisl sollicitudin id varius orci quam id turpis Mauris dapibus risus quis suscipit vulputate Morbi tempus commodo mattis Curabitur aliquam euismod dolor non ornare Lorem ipsum dolor sit amet consectetur adipiscing elit Ut suscipit posuere justo at vulputate', 'john_user@symfony.com', '0000-00-00 00:00:00'),
	(26, 6, 'Sed varius a risus eget aliquam Eros diam egestas libero eu vulputate risus', 'john_user@symfony.com', '0000-00-00 00:00:00'),
	(27, 6, 'Mauris dapibus risus quis suscipit vulputate Nulla porta lobortis ligula vel egestas Curabitur aliquam euismod dolor non ornare', 'john_user@symfony.com', '0000-00-00 00:00:00'),
	(28, 6, 'Lorem ipsum dolor sit amet consectetur adipiscing elit Ut suscipit posuere justo at vulputate Nulla porta lobortis ligula vel egestas Morbi tempus commodo mattis Pellentesque et sapien pulvinar consectetur Urna nisl sollicitudin id varius orci quam id turpis Mauris dapibus risus quis suscipit vulputate Eros diam egestas libero eu vulputate risus Sed varius a risus eget aliquam Pellentesque vitae velit ex Ut eleifend mauris et risus ultrices egestas', 'john_user@symfony.com', '0000-00-00 00:00:00'),
	(29, 6, 'Curabitur aliquam euismod dolor non ornare Pellentesque et sapien pulvinar consectetur Nunc viverra elit ac laoreet suscipit In hac habitasse platea dictumst Ut suscipit posuere justo at vulputate Mauris dapibus risus quis suscipit vulputate Ut eleifend mauris et risus ultrices egestas Lorem ipsum dolor sit amet consectetur adipiscing elit', 'john_user@symfony.com', '0000-00-00 00:00:00'),
	(30, 6, 'Urna nisl sollicitudin id varius orci quam id turpis In hac habitasse platea dictumst Morbi tempus commodo mattis Nunc viverra elit ac laoreet suscipit', 'john_user@symfony.com', '0000-00-00 00:00:00'),
	(31, 7, 'Aliquam sodales odio id eleifend tristique Pellentesque vitae velit ex Ut eleifend mauris et risus ultrices egestas In hac habitasse platea dictumst Sed varius a risus eget aliquam', 'john_user@symfony.com', '0000-00-00 00:00:00'),
	(32, 7, 'Lorem ipsum dolor sit amet consectetur adipiscing elit Pellentesque vitae velit ex Eros diam egestas libero eu vulputate risus Curabitur aliquam euismod dolor non ornare Mauris dapibus risus quis suscipit vulputate', 'john_user@symfony.com', '0000-00-00 00:00:00'),
	(33, 7, 'Pellentesque et sapien pulvinar consectetur Ut suscipit posuere justo at vulputate Sed varius a risus eget aliquam Aliquam sodales odio id eleifend tristique Pellentesque vitae velit ex Nulla porta lobortis ligula vel egestas Ut eleifend mauris et risus ultrices egestas Curabitur aliquam euismod dolor non ornare In hac habitasse platea dictumst Lorem ipsum dolor sit amet consectetur adipiscing elit Morbi tempus commodo mattis Mauris dapibus risus quis suscipit vulputate', 'john_user@symfony.com', '0000-00-00 00:00:00'),
	(34, 7, 'Nulla porta lobortis ligula vel egestas In hac habitasse platea dictumst', 'john_user@symfony.com', '0000-00-00 00:00:00'),
	(35, 7, 'Ut suscipit posuere justo at vulputate In hac habitasse platea dictumst', 'john_user@symfony.com', '0000-00-00 00:00:00'),
	(36, 8, 'In hac habitasse platea dictumst Nulla porta lobortis ligula vel egestas Curabitur aliquam euismod dolor non ornare Mauris dapibus risus quis suscipit vulputate Urna nisl sollicitudin id varius orci quam id turpis Pellentesque vitae velit e', 'john_user@symfony.com', '0000-00-00 00:00:00'),
	(37, 8, 'Ut suscipit posuere justo at vulputate Pellentesque vitae velit ex Ut eleifend mauris et risus ultrices egestas Nunc viverra elit ac laoreet suscipit Nulla porta lobortis ligula vel egestas Urna nisl sollicitudin id varius orci quam id turpis Morbi tempus commodo mattis Mauris dapibus risus quis suscipit vulputate Aliquam sodales odio id eleifend tristique', 'john_user@symfony.com', '0000-00-00 00:00:00'),
	(38, 8, 'Sed varius a risus eget aliquam Nulla porta lobortis ligula vel egestas', 'john_user@symfony.com', '0000-00-00 00:00:00'),
	(39, 8, 'In hac habitasse platea dictumst Ut suscipit posuere justo at vulputate Sed varius a risus eget aliquam Mauris dapibus risus quis suscipit vulputate Pellentesque et sapien pulvinar consectetur Eros diam egestas libero eu vulputate risus Curabitur aliquam euismod dolor non ornare Aliquam sodales odio id eleifend tristique Ut eleifend mauris et risus ultrices egestas Morbi tempus commodo mattis Nunc viverra elit ac laoreet suscipit Urna nisl sollicitudin id varius orci quam id turpis Pellentesque vitae velit e', 'john_user@symfony.com', '0000-00-00 00:00:00'),
	(40, 8, 'Morbi tempus commodo mattis Ut eleifend mauris et risus ultrices egestas Eros diam egestas libero eu vulputate risus Sed varius a risus eget aliquam Nunc viverra elit ac laoreet suscipit Nulla porta lobortis ligula vel egestas Mauris dapibus risus quis suscipit vulputate', 'john_user@symfony.com', '0000-00-00 00:00:00'),
	(41, 9, 'Aliquam sodales odio id eleifend tristique Nunc viverra elit ac laoreet suscipit', 'john_user@symfony.com', '0000-00-00 00:00:00'),
	(42, 9, 'Ut eleifend mauris et risus ultrices egestas Aliquam sodales odio id eleifend tristique Morbi tempus commodo mattis Pellentesque vitae velit e', 'john_user@symfony.com', '0000-00-00 00:00:00'),
	(43, 9, 'In hac habitasse platea dictumst Mauris dapibus risus quis suscipit vulputate Ut suscipit posuere justo at vulputate Sed varius a risus eget aliquam Urna nisl sollicitudin id varius orci quam id turpis Pellentesque vitae velit ex Curabitur aliquam euismod dolor non ornare Nunc viverra elit ac laoreet suscipit', 'john_user@symfony.com', '0000-00-00 00:00:00'),
	(44, 9, 'In hac habitasse platea dictumst Pellentesque et sapien pulvinar consectetur', 'john_user@symfony.com', '0000-00-00 00:00:00'),
	(45, 9, 'Nulla porta lobortis ligula vel egestas Lorem ipsum dolor sit amet consectetur adipiscing elit Urna nisl sollicitudin id varius orci quam id turpis Ut suscipit posuere justo at vulputate', 'john_user@symfony.com', '0000-00-00 00:00:00'),
	(46, 10, 'Sed varius a risus eget aliquam Nunc viverra elit ac laoreet suscipit Ut eleifend mauris et risus ultrices egestas In hac habitasse platea dictumst Pellentesque et sapien pulvinar consectetur Morbi tempus commodo mattis Eros diam egestas libero eu vulputate risus Ut suscipit posuere justo at vulputate Pellentesque vitae velit ex Nulla porta lobortis ligula vel egestas Mauris dapibus risus quis suscipit vulputate', 'john_user@symfony.com', '0000-00-00 00:00:00'),
	(47, 10, 'Lorem ipsum dolor sit amet consectetur adipiscing elit Nulla porta lobortis ligula vel egestas Pellentesque vitae velit ex Mauris dapibus risus quis suscipit vulputate Curabitur aliquam euismod dolor non ornare Ut suscipit posuere justo at vulputate Urna nisl sollicitudin id varius orci quam id turpis Sed varius a risus eget aliquam Aliquam sodales odio id eleifend tristique Pellentesque et sapien pulvinar consectetur Eros diam egestas libero eu vulputate risus', 'john_user@symfony.com', '0000-00-00 00:00:00'),
	(48, 10, 'Ut suscipit posuere justo at vulputate Sed varius a risus eget aliquam Nulla porta lobortis ligula vel egestas Lorem ipsum dolor sit amet consectetur adipiscing elit Pellentesque vitae velit ex Morbi tempus commodo mattis Urna nisl sollicitudin id varius orci quam id turpis Pellentesque et sapien pulvinar consectetur In hac habitasse platea dictumst Aliquam sodales odio id eleifend tristique Curabitur aliquam euismod dolor non ornare Nunc viverra elit ac laoreet suscipit Ut eleifend mauris et risus ultrices egestas Mauris dapibus risus quis suscipit vulputate', 'john_user@symfony.com', '0000-00-00 00:00:00'),
	(49, 10, 'Pellentesque vitae velit ex Morbi tempus commodo mattis Pellentesque et sapien pulvinar consectetur Curabitur aliquam euismod dolor non ornare Aliquam sodales odio id eleifend tristique Sed varius a risus eget aliquam Nulla porta lobortis ligula vel egestas In hac habitasse platea dictumst Mauris dapibus risus quis suscipit vulputate', 'john_user@symfony.com', '0000-00-00 00:00:00'),
	(50, 10, 'Sed varius a risus eget aliquam Nunc viverra elit ac laoreet suscipit Mauris dapibus risus quis suscipit vulputate Aliquam sodales odio id eleifend tristique Nulla porta lobortis ligula vel egestas', 'john_user@symfony.com', '0000-00-00 00:00:00'),
	(51, 11, 'Aliquam sodales odio id eleifend tristique', 'john_user@symfony.com', '0000-00-00 00:00:00'),
	(52, 11, 'Sed varius a risus eget aliquam Pellentesque vitae velit ex Aliquam sodales odio id eleifend tristique Morbi tempus commodo mattis Pellentesque et sapien pulvinar consectetur Ut suscipit posuere justo at vulputate', 'john_user@symfony.com', '0000-00-00 00:00:00'),
	(53, 11, 'In hac habitasse platea dictumst', 'john_user@symfony.com', '0000-00-00 00:00:00'),
	(54, 11, 'Lorem ipsum dolor sit amet consectetur adipiscing elit Pellentesque vitae velit ex Nunc viverra elit ac laoreet suscipit Curabitur aliquam euismod dolor non ornare Urna nisl sollicitudin id varius orci quam id turpis Sed varius a risus eget aliquam', 'john_user@symfony.com', '0000-00-00 00:00:00'),
	(55, 11, 'Morbi tempus commodo mattis Curabitur aliquam euismod dolor non ornare Ut suscipit posuere justo at vulputate Nulla porta lobortis ligula vel egestas In hac habitasse platea dictumst Lorem ipsum dolor sit amet consectetur adipiscing elit Eros diam egestas libero eu vulputate risus Urna nisl sollicitudin id varius orci quam id turpis Sed varius a risus eget aliquam Aliquam sodales odio id eleifend tristique Nunc viverra elit ac laoreet suscipit Pellentesque vitae velit e', 'john_user@symfony.com', '0000-00-00 00:00:00'),
	(56, 12, 'Eros diam egestas libero eu vulputate risus Pellentesque et sapien pulvinar consectetur In hac habitasse platea dictumst Sed varius a risus eget aliquam Morbi tempus commodo mattis Nunc viverra elit ac laoreet suscipit Nulla porta lobortis ligula vel egestas Curabitur aliquam euismod dolor non ornare Aliquam sodales odio id eleifend tristique Pellentesque vitae velit ex Mauris dapibus risus quis suscipit vulputate Urna nisl sollicitudin id varius orci quam id turpis Ut eleifend mauris et risus ultrices egestas Ut suscipit posuere justo at vulputate', 'john_user@symfony.com', '0000-00-00 00:00:00'),
	(57, 12, 'Curabitur aliquam euismod dolor non ornare Mauris dapibus risus quis suscipit vulputate Ut eleifend mauris et risus ultrices egestas Aliquam sodales odio id eleifend tristique Pellentesque et sapien pulvinar consectetur Nulla porta lobortis ligula vel egestas In hac habitasse platea dictumst Urna nisl sollicitudin id varius orci quam id turpis', 'john_user@symfony.com', '0000-00-00 00:00:00'),
	(58, 12, 'In hac habitasse platea dictumst Urna nisl sollicitudin id varius orci quam id turpis Nulla porta lobortis ligula vel egestas Eros diam egestas libero eu vulputate risus Aliquam sodales odio id eleifend tristique Ut suscipit posuere justo at vulputate Mauris dapibus risus quis suscipit vulputate Pellentesque et sapien pulvinar consectetur', 'john_user@symfony.com', '0000-00-00 00:00:00'),
	(59, 12, 'Eros diam egestas libero eu vulputate risus', 'john_user@symfony.com', '0000-00-00 00:00:00'),
	(60, 12, 'Mauris dapibus risus quis suscipit vulputate Nulla porta lobortis ligula vel egestas Pellentesque et sapien pulvinar consectetur Sed varius a risus eget aliquam Ut suscipit posuere justo at vulputate Pellentesque vitae velit e', 'john_user@symfony.com', '0000-00-00 00:00:00'),
	(61, 13, 'Lorem ipsum dolor sit amet consectetur adipiscing elit Sed varius a risus eget aliquam Ut eleifend mauris et risus ultrices egestas Morbi tempus commodo mattis Eros diam egestas libero eu vulputate risus Urna nisl sollicitudin id varius orci quam id turpis Curabitur aliquam euismod dolor non ornare Ut suscipit posuere justo at vulputate Nunc viverra elit ac laoreet suscipit Nulla porta lobortis ligula vel egestas Pellentesque vitae velit e', 'john_user@symfony.com', '0000-00-00 00:00:00'),
	(62, 13, 'Lorem ipsum dolor sit amet consectetur adipiscing elit Urna nisl sollicitudin id varius orci quam id turpis Eros diam egestas libero eu vulputate risus Curabitur aliquam euismod dolor non ornare Ut suscipit posuere justo at vulputate Pellentesque vitae velit ex Nunc viverra elit ac laoreet suscipit', 'john_user@symfony.com', '0000-00-00 00:00:00'),
	(63, 13, 'Eros diam egestas libero eu vulputate risus Aliquam sodales odio id eleifend tristique Pellentesque et sapien pulvinar consectetur', 'john_user@symfony.com', '0000-00-00 00:00:00'),
	(64, 13, 'Urna nisl sollicitudin id varius orci quam id turpis Ut eleifend mauris et risus ultrices egestas Pellentesque vitae velit ex Ut suscipit posuere justo at vulputate Nulla porta lobortis ligula vel egestas Pellentesque et sapien pulvinar consectetur Curabitur aliquam euismod dolor non ornare Nunc viverra elit ac laoreet suscipit Mauris dapibus risus quis suscipit vulputate', 'john_user@symfony.com', '0000-00-00 00:00:00'),
	(65, 13, 'Ut eleifend mauris et risus ultrices egestas Curabitur aliquam euismod dolor non ornare Sed varius a risus eget aliquam Pellentesque vitae velit ex Ut suscipit posuere justo at vulputate Morbi tempus commodo mattis Mauris dapibus risus quis suscipit vulputate Eros diam egestas libero eu vulputate risus Urna nisl sollicitudin id varius orci quam id turpis Nunc viverra elit ac laoreet suscipit Aliquam sodales odio id eleifend tristique Lorem ipsum dolor sit amet consectetur adipiscing elit Pellentesque et sapien pulvinar consectetur', 'john_user@symfony.com', '0000-00-00 00:00:00'),
	(66, 14, 'Morbi tempus commodo mattis Curabitur aliquam euismod dolor non ornare Nulla porta lobortis ligula vel egestas', 'john_user@symfony.com', '0000-00-00 00:00:00'),
	(67, 14, 'Ut eleifend mauris et risus ultrices egestas Curabitur aliquam euismod dolor non ornare Mauris dapibus risus quis suscipit vulputate Ut suscipit posuere justo at vulputate Eros diam egestas libero eu vulputate risus Urna nisl sollicitudin id varius orci quam id turpis Pellentesque vitae velit ex Nunc viverra elit ac laoreet suscipit Pellentesque et sapien pulvinar consectetur Aliquam sodales odio id eleifend tristique In hac habitasse platea dictumst Lorem ipsum dolor sit amet consectetur adipiscing elit Nulla porta lobortis ligula vel egestas Sed varius a risus eget aliquam', 'john_user@symfony.com', '0000-00-00 00:00:00'),
	(68, 14, 'Sed varius a risus eget aliquam In hac habitasse platea dictumst Pellentesque et sapien pulvinar consectetur Mauris dapibus risus quis suscipit vulputate Nulla porta lobortis ligula vel egestas Aliquam sodales odio id eleifend tristique Curabitur aliquam euismod dolor non ornare Ut suscipit posuere justo at vulputate Urna nisl sollicitudin id varius orci quam id turpis Eros diam egestas libero eu vulputate risus Ut eleifend mauris et risus ultrices egestas Morbi tempus commodo mattis Lorem ipsum dolor sit amet consectetur adipiscing elit', 'john_user@symfony.com', '0000-00-00 00:00:00'),
	(69, 14, 'Ut eleifend mauris et risus ultrices egestas Eros diam egestas libero eu vulputate risus Sed varius a risus eget aliquam Urna nisl sollicitudin id varius orci quam id turpis Ut suscipit posuere justo at vulputate Pellentesque vitae velit ex Curabitur aliquam euismod dolor non ornare In hac habitasse platea dictumst', 'john_user@symfony.com', '0000-00-00 00:00:00'),
	(70, 14, 'Nulla porta lobortis ligula vel egestas Nunc viverra elit ac laoreet suscipit Lorem ipsum dolor sit amet consectetur adipiscing elit In hac habitasse platea dictumst Morbi tempus commodo mattis Sed varius a risus eget aliquam Pellentesque vitae velit ex Pellentesque et sapien pulvinar consectetur Aliquam sodales odio id eleifend tristique Eros diam egestas libero eu vulputate risus', 'john_user@symfony.com', '0000-00-00 00:00:00'),
	(71, 15, 'Lorem ipsum dolor sit amet consectetur adipiscing elit Eros diam egestas libero eu vulputate risus Pellentesque vitae velit ex Morbi tempus commodo mattis Nunc viverra elit ac laoreet suscipit Urna nisl sollicitudin id varius orci quam id turpis Pellentesque et sapien pulvinar consectetur Ut eleifend mauris et risus ultrices egestas', 'john_user@symfony.com', '0000-00-00 00:00:00'),
	(72, 15, 'Pellentesque vitae velit ex Nulla porta lobortis ligula vel egestas Pellentesque et sapien pulvinar consectetur Ut eleifend mauris et risus ultrices egestas Mauris dapibus risus quis suscipit vulputate Nunc viverra elit ac laoreet suscipit Urna nisl sollicitudin id varius orci quam id turpis Curabitur aliquam euismod dolor non ornare Aliquam sodales odio id eleifend tristique', 'john_user@symfony.com', '0000-00-00 00:00:00'),
	(73, 15, 'Eros diam egestas libero eu vulputate risus Nulla porta lobortis ligula vel egestas', 'john_user@symfony.com', '0000-00-00 00:00:00'),
	(74, 15, 'Sed varius a risus eget aliquam Mauris dapibus risus quis suscipit vulputate Pellentesque vitae velit ex Ut suscipit posuere justo at vulputate Urna nisl sollicitudin id varius orci quam id turpis Curabitur aliquam euismod dolor non ornare', 'john_user@symfony.com', '0000-00-00 00:00:00'),
	(75, 15, 'Nulla porta lobortis ligula vel egestas Nunc viverra elit ac laoreet suscipit Ut suscipit posuere justo at vulputate Pellentesque et sapien pulvinar consectetur Sed varius a risus eget aliquam Pellentesque vitae velit ex Urna nisl sollicitudin id varius orci quam id turpis Eros diam egestas libero eu vulputate risus Curabitur aliquam euismod dolor non ornare In hac habitasse platea dictumst Morbi tempus commodo mattis Mauris dapibus risus quis suscipit vulputate Ut eleifend mauris et risus ultrices egestas Lorem ipsum dolor sit amet consectetur adipiscing elit', 'john_user@symfony.com', '0000-00-00 00:00:00'),
	(76, 16, 'Ut suscipit posuere justo at vulputate', 'john_user@symfony.com', '0000-00-00 00:00:00'),
	(77, 16, 'Nulla porta lobortis ligula vel egestas Pellentesque et sapien pulvinar consectetur In hac habitasse platea dictumst Morbi tempus commodo mattis', 'john_user@symfony.com', '0000-00-00 00:00:00'),
	(78, 16, 'Mauris dapibus risus quis suscipit vulputate Pellentesque et sapien pulvinar consectetur Aliquam sodales odio id eleifend tristique Eros diam egestas libero eu vulputate risus Curabitur aliquam euismod dolor non ornare Sed varius a risus eget aliquam Urna nisl sollicitudin id varius orci quam id turpis Ut eleifend mauris et risus ultrices egestas Morbi tempus commodo mattis In hac habitasse platea dictumst Nulla porta lobortis ligula vel egestas Nunc viverra elit ac laoreet suscipit', 'john_user@symfony.com', '0000-00-00 00:00:00'),
	(79, 16, 'Pellentesque et sapien pulvinar consectetur Morbi tempus commodo mattis Nunc viverra elit ac laoreet suscipit Aliquam sodales odio id eleifend tristique Curabitur aliquam euismod dolor non ornare Sed varius a risus eget aliquam Pellentesque vitae velit ex Eros diam egestas libero eu vulputate risus', 'john_user@symfony.com', '0000-00-00 00:00:00'),
	(80, 16, 'Morbi tempus commodo mattis Sed varius a risus eget aliquam Curabitur aliquam euismod dolor non ornare Lorem ipsum dolor sit amet consectetur adipiscing elit Nulla porta lobortis ligula vel egestas Pellentesque et sapien pulvinar consectetur Pellentesque vitae velit ex Eros diam egestas libero eu vulputate risus Aliquam sodales odio id eleifend tristique Mauris dapibus risus quis suscipit vulputate Urna nisl sollicitudin id varius orci quam id turpis Ut suscipit posuere justo at vulputate Nunc viverra elit ac laoreet suscipit', 'john_user@symfony.com', '0000-00-00 00:00:00'),
	(81, 17, 'Sed varius a risus eget aliquam Ut eleifend mauris et risus ultrices egestas Morbi tempus commodo mattis In hac habitasse platea dictumst Pellentesque vitae velit e', 'john_user@symfony.com', '0000-00-00 00:00:00'),
	(82, 17, 'Pellentesque vitae velit ex Pellentesque et sapien pulvinar consectetur In hac habitasse platea dictumst Nunc viverra elit ac laoreet suscipit Morbi tempus commodo mattis Nulla porta lobortis ligula vel egestas', 'john_user@symfony.com', '0000-00-00 00:00:00'),
	(83, 17, 'Lorem ipsum dolor sit amet consectetur adipiscing elit', 'john_user@symfony.com', '0000-00-00 00:00:00'),
	(84, 17, 'Urna nisl sollicitudin id varius orci quam id turpis Pellentesque et sapien pulvinar consectetur Mauris dapibus risus quis suscipit vulputate Ut eleifend mauris et risus ultrices egestas Nulla porta lobortis ligula vel egestas Aliquam sodales odio id eleifend tristique In hac habitasse platea dictumst Sed varius a risus eget aliquam Lorem ipsum dolor sit amet consectetur adipiscing elit Curabitur aliquam euismod dolor non ornare', 'john_user@symfony.com', '0000-00-00 00:00:00'),
	(85, 17, 'Ut suscipit posuere justo at vulputate Nulla porta lobortis ligula vel egestas Sed varius a risus eget aliquam Ut eleifend mauris et risus ultrices egestas Aliquam sodales odio id eleifend tristique In hac habitasse platea dictumst Morbi tempus commodo mattis Curabitur aliquam euismod dolor non ornare', 'john_user@symfony.com', '0000-00-00 00:00:00'),
	(86, 18, 'Curabitur aliquam euismod dolor non ornare Ut suscipit posuere justo at vulputate Nunc viverra elit ac laoreet suscipit Ut eleifend mauris et risus ultrices egestas', 'john_user@symfony.com', '0000-00-00 00:00:00'),
	(87, 18, 'Nunc viverra elit ac laoreet suscipit Sed varius a risus eget aliquam Mauris dapibus risus quis suscipit vulputate Ut suscipit posuere justo at vulputate Curabitur aliquam euismod dolor non ornare Lorem ipsum dolor sit amet consectetur adipiscing elit Morbi tempus commodo mattis Aliquam sodales odio id eleifend tristique Urna nisl sollicitudin id varius orci quam id turpis', 'john_user@symfony.com', '0000-00-00 00:00:00'),
	(88, 18, 'Aliquam sodales odio id eleifend tristique Lorem ipsum dolor sit amet consectetur adipiscing elit Morbi tempus commodo mattis Pellentesque et sapien pulvinar consectetur Nunc viverra elit ac laoreet suscipit Curabitur aliquam euismod dolor non ornare', 'john_user@symfony.com', '0000-00-00 00:00:00'),
	(89, 18, 'In hac habitasse platea dictumst Nunc viverra elit ac laoreet suscipit Ut suscipit posuere justo at vulputate Morbi tempus commodo mattis Ut eleifend mauris et risus ultrices egestas Sed varius a risus eget aliquam Eros diam egestas libero eu vulputate risus Curabitur aliquam euismod dolor non ornare Pellentesque vitae velit e', 'john_user@symfony.com', '0000-00-00 00:00:00'),
	(90, 18, 'Morbi tempus commodo mattis Ut suscipit posuere justo at vulputate', 'john_user@symfony.com', '0000-00-00 00:00:00'),
	(91, 19, 'Morbi tempus commodo mattis Mauris dapibus risus quis suscipit vulputate Pellentesque vitae velit ex Lorem ipsum dolor sit amet consectetur adipiscing elit Aliquam sodales odio id eleifend tristique', 'john_user@symfony.com', '0000-00-00 00:00:00'),
	(92, 19, 'Sed varius a risus eget aliquam Pellentesque et sapien pulvinar consectetur Aliquam sodales odio id eleifend tristique In hac habitasse platea dictumst Ut suscipit posuere justo at vulputate Ut eleifend mauris et risus ultrices egestas', 'john_user@symfony.com', '0000-00-00 00:00:00'),
	(93, 19, 'Sed varius a risus eget aliquam In hac habitasse platea dictumst Pellentesque vitae velit ex Lorem ipsum dolor sit amet consectetur adipiscing elit Ut eleifend mauris et risus ultrices egestas Nulla porta lobortis ligula vel egestas Pellentesque et sapien pulvinar consectetur Curabitur aliquam euismod dolor non ornare Eros diam egestas libero eu vulputate risus Ut suscipit posuere justo at vulputate Mauris dapibus risus quis suscipit vulputate Nunc viverra elit ac laoreet suscipit Urna nisl sollicitudin id varius orci quam id turpis Morbi tempus commodo mattis', 'john_user@symfony.com', '0000-00-00 00:00:00'),
	(94, 19, 'Curabitur aliquam euismod dolor non ornare In hac habitasse platea dictumst', 'john_user@symfony.com', '0000-00-00 00:00:00'),
	(95, 19, 'Pellentesque vitae velit ex Ut eleifend mauris et risus ultrices egestas In hac habitasse platea dictumst Aliquam sodales odio id eleifend tristique Pellentesque et sapien pulvinar consectetur Sed varius a risus eget aliquam', 'john_user@symfony.com', '0000-00-00 00:00:00'),
	(96, 20, 'Nulla porta lobortis ligula vel egestas In hac habitasse platea dictumst Morbi tempus commodo mattis Urna nisl sollicitudin id varius orci quam id turpis Curabitur aliquam euismod dolor non ornare Aliquam sodales odio id eleifend tristique Ut suscipit posuere justo at vulputate Sed varius a risus eget aliquam Mauris dapibus risus quis suscipit vulputate Pellentesque et sapien pulvinar consectetur Eros diam egestas libero eu vulputate risus Pellentesque vitae velit ex Lorem ipsum dolor sit amet consectetur adipiscing elit Nunc viverra elit ac laoreet suscipit', 'john_user@symfony.com', '0000-00-00 00:00:00'),
	(97, 20, 'Nunc viverra elit ac laoreet suscipit Mauris dapibus risus quis suscipit vulputate', 'john_user@symfony.com', '0000-00-00 00:00:00'),
	(98, 20, 'Mauris dapibus risus quis suscipit vulputate Ut eleifend mauris et risus ultrices egestas Urna nisl sollicitudin id varius orci quam id turpis Ut suscipit posuere justo at vulputate Sed varius a risus eget aliquam Aliquam sodales odio id eleifend tristique', 'john_user@symfony.com', '0000-00-00 00:00:00'),
	(99, 20, 'Ut suscipit posuere justo at vulputate Lorem ipsum dolor sit amet consectetur adipiscing elit Morbi tempus commodo mattis Nulla porta lobortis ligula vel egestas Pellentesque et sapien pulvinar consectetur Sed varius a risus eget aliquam Ut eleifend mauris et risus ultrices egestas Aliquam sodales odio id eleifend tristique', 'john_user@symfony.com', '0000-00-00 00:00:00'),
	(100, 20, 'Urna nisl sollicitudin id varius orci quam id turpis', 'john_user@symfony.com', '0000-00-00 00:00:00'),
	(101, 21, 'Ut eleifend mauris et risus ultrices egestas Lorem ipsum dolor sit amet consectetur adipiscing elit Nunc viverra elit ac laoreet suscipit Curabitur aliquam euismod dolor non ornare Aliquam sodales odio id eleifend tristique Sed varius a risus eget aliquam Urna nisl sollicitudin id varius orci quam id turpis Mauris dapibus risus quis suscipit vulputate Pellentesque et sapien pulvinar consectetur In hac habitasse platea dictumst', 'john_user@symfony.com', '0000-00-00 00:00:00'),
	(102, 21, 'Urna nisl sollicitudin id varius orci quam id turpis Eros diam egestas libero eu vulputate risus Mauris dapibus risus quis suscipit vulputate Lorem ipsum dolor sit amet consectetur adipiscing elit Curabitur aliquam euismod dolor non ornare', 'john_user@symfony.com', '0000-00-00 00:00:00'),
	(103, 21, 'Nulla porta lobortis ligula vel egestas', 'john_user@symfony.com', '0000-00-00 00:00:00'),
	(104, 21, 'Eros diam egestas libero eu vulputate risus Lorem ipsum dolor sit amet consectetur adipiscing elit Morbi tempus commodo mattis Ut eleifend mauris et risus ultrices egestas Curabitur aliquam euismod dolor non ornare Nulla porta lobortis ligula vel egestas Sed varius a risus eget aliquam In hac habitasse platea dictumst', 'john_user@symfony.com', '0000-00-00 00:00:00'),
	(105, 21, 'Pellentesque vitae velit ex Mauris dapibus risus quis suscipit vulputate Nulla porta lobortis ligula vel egestas Sed varius a risus eget aliquam Aliquam sodales odio id eleifend tristique Pellentesque et sapien pulvinar consectetur Ut suscipit posuere justo at vulputate Curabitur aliquam euismod dolor non ornare Morbi tempus commodo mattis In hac habitasse platea dictumst Lorem ipsum dolor sit amet consectetur adipiscing elit Urna nisl sollicitudin id varius orci quam id turpis Eros diam egestas libero eu vulputate risus', 'john_user@symfony.com', '0000-00-00 00:00:00'),
	(106, 22, 'Nulla porta lobortis ligula vel egestas Sed varius a risus eget aliquam Ut eleifend mauris et risus ultrices egestas In hac habitasse platea dictumst Pellentesque et sapien pulvinar consectetur Mauris dapibus risus quis suscipit vulputate Eros diam egestas libero eu vulputate risus', 'john_user@symfony.com', '0000-00-00 00:00:00'),
	(107, 22, 'Mauris dapibus risus quis suscipit vulputate', 'john_user@symfony.com', '0000-00-00 00:00:00'),
	(108, 22, 'Mauris dapibus risus quis suscipit vulputate Morbi tempus commodo mattis Curabitur aliquam euismod dolor non ornare Ut suscipit posuere justo at vulputate In hac habitasse platea dictumst Ut eleifend mauris et risus ultrices egestas Lorem ipsum dolor sit amet consectetur adipiscing elit Eros diam egestas libero eu vulputate risus Nunc viverra elit ac laoreet suscipit', 'john_user@symfony.com', '0000-00-00 00:00:00'),
	(109, 22, 'Curabitur aliquam euismod dolor non ornare Morbi tempus commodo mattis Ut suscipit posuere justo at vulputate', 'john_user@symfony.com', '0000-00-00 00:00:00'),
	(110, 22, 'In hac habitasse platea dictumst Lorem ipsum dolor sit amet consectetur adipiscing elit Eros diam egestas libero eu vulputate risus Nunc viverra elit ac laoreet suscipit Curabitur aliquam euismod dolor non ornare Ut suscipit posuere justo at vulputate', 'john_user@symfony.com', '0000-00-00 00:00:00'),
	(111, 23, 'Curabitur aliquam euismod dolor non ornare', 'john_user@symfony.com', '0000-00-00 00:00:00'),
	(112, 23, 'Ut suscipit posuere justo at vulputate Curabitur aliquam euismod dolor non ornare Eros diam egestas libero eu vulputate risus', 'john_user@symfony.com', '0000-00-00 00:00:00'),
	(113, 23, 'In hac habitasse platea dictumst Lorem ipsum dolor sit amet consectetur adipiscing elit Nulla porta lobortis ligula vel egestas Morbi tempus commodo mattis Urna nisl sollicitudin id varius orci quam id turpis', 'john_user@symfony.com', '0000-00-00 00:00:00'),
	(114, 23, 'Nulla porta lobortis ligula vel egestas Sed varius a risus eget aliquam Mauris dapibus risus quis suscipit vulputate Aliquam sodales odio id eleifend tristique Eros diam egestas libero eu vulputate risus Pellentesque vitae velit ex Pellentesque et sapien pulvinar consectetur Morbi tempus commodo mattis In hac habitasse platea dictumst', 'john_user@symfony.com', '0000-00-00 00:00:00'),
	(115, 23, 'Sed varius a risus eget aliquam Ut eleifend mauris et risus ultrices egestas Ut suscipit posuere justo at vulputate Nunc viverra elit ac laoreet suscipit Mauris dapibus risus quis suscipit vulputate', 'john_user@symfony.com', '0000-00-00 00:00:00'),
	(116, 24, 'Eros diam egestas libero eu vulputate risus Sed varius a risus eget aliquam In hac habitasse platea dictumst Ut eleifend mauris et risus ultrices egestas', 'john_user@symfony.com', '0000-00-00 00:00:00'),
	(117, 24, 'Nulla porta lobortis ligula vel egestas Urna nisl sollicitudin id varius orci quam id turpis Aliquam sodales odio id eleifend tristique Ut suscipit posuere justo at vulputate Sed varius a risus eget aliquam', 'john_user@symfony.com', '0000-00-00 00:00:00'),
	(118, 24, 'In hac habitasse platea dictumst Lorem ipsum dolor sit amet consectetur adipiscing elit Eros diam egestas libero eu vulputate risus Nunc viverra elit ac laoreet suscipit Ut eleifend mauris et risus ultrices egestas Aliquam sodales odio id eleifend tristique Sed varius a risus eget aliquam', 'john_user@symfony.com', '0000-00-00 00:00:00'),
	(119, 24, 'Nunc viverra elit ac laoreet suscipit Ut suscipit posuere justo at vulputate Mauris dapibus risus quis suscipit vulputate Aliquam sodales odio id eleifend tristique In hac habitasse platea dictumst Pellentesque vitae velit ex Urna nisl sollicitudin id varius orci quam id turpis Ut eleifend mauris et risus ultrices egestas Pellentesque et sapien pulvinar consectetur Lorem ipsum dolor sit amet consectetur adipiscing elit Morbi tempus commodo mattis Sed varius a risus eget aliquam', 'john_user@symfony.com', '0000-00-00 00:00:00'),
	(120, 24, 'Ut suscipit posuere justo at vulputate Mauris dapibus risus quis suscipit vulputate Lorem ipsum dolor sit amet consectetur adipiscing elit Ut eleifend mauris et risus ultrices egestas Pellentesque et sapien pulvinar consectetur Sed varius a risus eget aliquam Pellentesque vitae velit ex Nulla porta lobortis ligula vel egestas Curabitur aliquam euismod dolor non ornare Urna nisl sollicitudin id varius orci quam id turpis In hac habitasse platea dictumst', 'john_user@symfony.com', '0000-00-00 00:00:00'),
	(121, 25, 'Nulla porta lobortis ligula vel egestas Ut suscipit posuere justo at vulputate Sed varius a risus eget aliquam Mauris dapibus risus quis suscipit vulputate Curabitur aliquam euismod dolor non ornare Pellentesque vitae velit ex Morbi tempus commodo mattis', 'john_user@symfony.com', '0000-00-00 00:00:00'),
	(122, 25, 'Pellentesque et sapien pulvinar consectetur Ut eleifend mauris et risus ultrices egestas Aliquam sodales odio id eleifend tristique Mauris dapibus risus quis suscipit vulputate Curabitur aliquam euismod dolor non ornare Nulla porta lobortis ligula vel egestas Lorem ipsum dolor sit amet consectetur adipiscing elit Ut suscipit posuere justo at vulputate Pellentesque vitae velit ex Morbi tempus commodo mattis Sed varius a risus eget aliquam Eros diam egestas libero eu vulputate risus Nunc viverra elit ac laoreet suscipit', 'john_user@symfony.com', '0000-00-00 00:00:00'),
	(123, 25, 'Curabitur aliquam euismod dolor non ornare Lorem ipsum dolor sit amet consectetur adipiscing elit In hac habitasse platea dictumst Nulla porta lobortis ligula vel egestas Mauris dapibus risus quis suscipit vulputate Urna nisl sollicitudin id varius orci quam id turpis Nunc viverra elit ac laoreet suscipit Pellentesque et sapien pulvinar consectetur', 'john_user@symfony.com', '0000-00-00 00:00:00'),
	(124, 25, 'Eros diam egestas libero eu vulputate risus Aliquam sodales odio id eleifend tristique Urna nisl sollicitudin id varius orci quam id turpis Ut eleifend mauris et risus ultrices egestas Lorem ipsum dolor sit amet consectetur adipiscing elit In hac habitasse platea dictumst Ut suscipit posuere justo at vulputate', 'john_user@symfony.com', '0000-00-00 00:00:00'),
	(125, 25, 'Morbi tempus commodo mattis Urna nisl sollicitudin id varius orci quam id turpis In hac habitasse platea dictumst Nunc viverra elit ac laoreet suscipit Ut suscipit posuere justo at vulputate Sed varius a risus eget aliquam Nulla porta lobortis ligula vel egestas Pellentesque vitae velit ex Ut eleifend mauris et risus ultrices egestas Curabitur aliquam euismod dolor non ornare Aliquam sodales odio id eleifend tristique Lorem ipsum dolor sit amet consectetur adipiscing elit Eros diam egestas libero eu vulputate risus', 'john_user@symfony.com', '0000-00-00 00:00:00'),
	(126, 26, 'Lorem ipsum dolor sit amet consectetur adipiscing elit Ut eleifend mauris et risus ultrices egestas Mauris dapibus risus quis suscipit vulputate Ut suscipit posuere justo at vulputate In hac habitasse platea dictumst Morbi tempus commodo mattis Pellentesque et sapien pulvinar consectetur Eros diam egestas libero eu vulputate risus Pellentesque vitae velit ex Nulla porta lobortis ligula vel egestas Nunc viverra elit ac laoreet suscipit Urna nisl sollicitudin id varius orci quam id turpis Aliquam sodales odio id eleifend tristique', 'john_user@symfony.com', '0000-00-00 00:00:00'),
	(127, 26, 'Pellentesque et sapien pulvinar consectetur Pellentesque vitae velit ex Sed varius a risus eget aliquam In hac habitasse platea dictumst Ut suscipit posuere justo at vulputate Nulla porta lobortis ligula vel egestas Nunc viverra elit ac laoreet suscipit', 'john_user@symfony.com', '0000-00-00 00:00:00'),
	(128, 26, 'Eros diam egestas libero eu vulputate risus Ut eleifend mauris et risus ultrices egestas Pellentesque et sapien pulvinar consectetur Nunc viverra elit ac laoreet suscipit Mauris dapibus risus quis suscipit vulputate Ut suscipit posuere justo at vulputate Curabitur aliquam euismod dolor non ornare Nulla porta lobortis ligula vel egestas', 'john_user@symfony.com', '0000-00-00 00:00:00'),
	(129, 26, 'Aliquam sodales odio id eleifend tristique Morbi tempus commodo mattis', 'john_user@symfony.com', '0000-00-00 00:00:00'),
	(130, 26, 'Eros diam egestas libero eu vulputate risus Aliquam sodales odio id eleifend tristique Nunc viverra elit ac laoreet suscipit', 'john_user@symfony.com', '0000-00-00 00:00:00'),
	(131, 27, 'Mauris dapibus risus quis suscipit vulputate Ut suscipit posuere justo at vulputate Lorem ipsum dolor sit amet consectetur adipiscing elit Aliquam sodales odio id eleifend tristique Curabitur aliquam euismod dolor non ornare Ut eleifend mauris et risus ultrices egestas', 'john_user@symfony.com', '0000-00-00 00:00:00'),
	(132, 27, 'Nulla porta lobortis ligula vel egestas Mauris dapibus risus quis suscipit vulputate Urna nisl sollicitudin id varius orci quam id turpis Pellentesque vitae velit ex Sed varius a risus eget aliquam Morbi tempus commodo mattis Pellentesque et sapien pulvinar consectetur Ut eleifend mauris et risus ultrices egestas', 'john_user@symfony.com', '0000-00-00 00:00:00'),
	(133, 27, 'Pellentesque et sapien pulvinar consectetur Ut suscipit posuere justo at vulputate Pellentesque vitae velit ex Nunc viverra elit ac laoreet suscipit Mauris dapibus risus quis suscipit vulputate Urna nisl sollicitudin id varius orci quam id turpis In hac habitasse platea dictumst Aliquam sodales odio id eleifend tristique', 'john_user@symfony.com', '0000-00-00 00:00:00'),
	(134, 27, 'Morbi tempus commodo mattis Eros diam egestas libero eu vulputate risus Nunc viverra elit ac laoreet suscipit Pellentesque vitae velit ex Nulla porta lobortis ligula vel egestas Urna nisl sollicitudin id varius orci quam id turpis Ut eleifend mauris et risus ultrices egestas Pellentesque et sapien pulvinar consectetur Lorem ipsum dolor sit amet consectetur adipiscing elit Sed varius a risus eget aliquam Curabitur aliquam euismod dolor non ornare Aliquam sodales odio id eleifend tristique', 'john_user@symfony.com', '0000-00-00 00:00:00'),
	(135, 27, 'Pellentesque vitae velit ex Pellentesque et sapien pulvinar consectetur Curabitur aliquam euismod dolor non ornare Mauris dapibus risus quis suscipit vulputate Urna nisl sollicitudin id varius orci quam id turpis Ut suscipit posuere justo at vulputate Nulla porta lobortis ligula vel egestas Aliquam sodales odio id eleifend tristique In hac habitasse platea dictumst Sed varius a risus eget aliquam Lorem ipsum dolor sit amet consectetur adipiscing elit Nunc viverra elit ac laoreet suscipit Eros diam egestas libero eu vulputate risus Morbi tempus commodo mattis', 'john_user@symfony.com', '0000-00-00 00:00:00'),
	(136, 28, 'Nulla porta lobortis ligula vel egestas Curabitur aliquam euismod dolor non ornare Urna nisl sollicitudin id varius orci quam id turpis Nunc viverra elit ac laoreet suscipit Mauris dapibus risus quis suscipit vulputate Lorem ipsum dolor sit amet consectetur adipiscing elit', 'john_user@symfony.com', '0000-00-00 00:00:00'),
	(137, 28, 'Morbi tempus commodo mattis Lorem ipsum dolor sit amet consectetur adipiscing elit Nulla porta lobortis ligula vel egestas Aliquam sodales odio id eleifend tristique Urna nisl sollicitudin id varius orci quam id turpis Mauris dapibus risus quis suscipit vulputate', 'john_user@symfony.com', '0000-00-00 00:00:00'),
	(138, 28, 'Urna nisl sollicitudin id varius orci quam id turpis', 'john_user@symfony.com', '0000-00-00 00:00:00'),
	(139, 28, 'Aliquam sodales odio id eleifend tristique Eros diam egestas libero eu vulputate risus Lorem ipsum dolor sit amet consectetur adipiscing elit Ut suscipit posuere justo at vulputate Nulla porta lobortis ligula vel egestas Pellentesque et sapien pulvinar consectetur Nunc viverra elit ac laoreet suscipit Urna nisl sollicitudin id varius orci quam id turpis Mauris dapibus risus quis suscipit vulputate Sed varius a risus eget aliquam Morbi tempus commodo mattis', 'john_user@symfony.com', '0000-00-00 00:00:00'),
	(140, 28, 'Morbi tempus commodo mattis Lorem ipsum dolor sit amet consectetur adipiscing elit Nulla porta lobortis ligula vel egestas Curabitur aliquam euismod dolor non ornare Pellentesque et sapien pulvinar consectetur Ut eleifend mauris et risus ultrices egestas', 'john_user@symfony.com', '0000-00-00 00:00:00'),
	(141, 29, 'Nulla porta lobortis ligula vel egestas Pellentesque vitae velit ex Ut suscipit posuere justo at vulputate', 'john_user@symfony.com', '0000-00-00 00:00:00'),
	(142, 29, 'Nunc viverra elit ac laoreet suscipit Lorem ipsum dolor sit amet consectetur adipiscing elit Eros diam egestas libero eu vulputate risus Sed varius a risus eget aliquam Aliquam sodales odio id eleifend tristique Ut eleifend mauris et risus ultrices egestas Curabitur aliquam euismod dolor non ornare Pellentesque vitae velit ex Nulla porta lobortis ligula vel egestas Urna nisl sollicitudin id varius orci quam id turpis Mauris dapibus risus quis suscipit vulputate Morbi tempus commodo mattis', 'john_user@symfony.com', '0000-00-00 00:00:00'),
	(143, 29, 'Nunc viverra elit ac laoreet suscipit Ut suscipit posuere justo at vulputate Nulla porta lobortis ligula vel egestas Mauris dapibus risus quis suscipit vulputate Pellentesque vitae velit ex In hac habitasse platea dictumst', 'john_user@symfony.com', '0000-00-00 00:00:00'),
	(144, 29, 'Morbi tempus commodo mattis Pellentesque vitae velit ex Aliquam sodales odio id eleifend tristique Sed varius a risus eget aliquam In hac habitasse platea dictumst Curabitur aliquam euismod dolor non ornare Ut eleifend mauris et risus ultrices egestas Eros diam egestas libero eu vulputate risus', 'john_user@symfony.com', '0000-00-00 00:00:00'),
	(145, 29, 'Morbi tempus commodo mattis', 'john_user@symfony.com', '0000-00-00 00:00:00'),
	(146, 30, 'Curabitur aliquam euismod dolor non ornare Lorem ipsum dolor sit amet consectetur adipiscing elit Mauris dapibus risus quis suscipit vulputate Nulla porta lobortis ligula vel egestas Ut eleifend mauris et risus ultrices egestas Morbi tempus commodo mattis Eros diam egestas libero eu vulputate risus Urna nisl sollicitudin id varius orci quam id turpis Ut suscipit posuere justo at vulputate Aliquam sodales odio id eleifend tristique Sed varius a risus eget aliquam Pellentesque vitae velit ex Nunc viverra elit ac laoreet suscipit', 'john_user@symfony.com', '0000-00-00 00:00:00'),
	(147, 30, 'Sed varius a risus eget aliquam Pellentesque vitae velit ex Nulla porta lobortis ligula vel egestas In hac habitasse platea dictumst Morbi tempus commodo mattis Ut suscipit posuere justo at vulputate Lorem ipsum dolor sit amet consectetur adipiscing elit Nunc viverra elit ac laoreet suscipit Eros diam egestas libero eu vulputate risus Ut eleifend mauris et risus ultrices egestas Pellentesque et sapien pulvinar consectetur Curabitur aliquam euismod dolor non ornare Mauris dapibus risus quis suscipit vulputate Urna nisl sollicitudin id varius orci quam id turpis', 'john_user@symfony.com', '0000-00-00 00:00:00'),
	(148, 30, 'Ut suscipit posuere justo at vulputate Mauris dapibus risus quis suscipit vulputate Aliquam sodales odio id eleifend tristique Morbi tempus commodo mattis Urna nisl sollicitudin id varius orci quam id turpis Nulla porta lobortis ligula vel egestas Curabitur aliquam euismod dolor non ornare Lorem ipsum dolor sit amet consectetur adipiscing elit Pellentesque vitae velit ex Ut eleifend mauris et risus ultrices egestas Nunc viverra elit ac laoreet suscipit Sed varius a risus eget aliquam Eros diam egestas libero eu vulputate risus In hac habitasse platea dictumst', 'john_user@symfony.com', '0000-00-00 00:00:00'),
	(149, 30, 'Urna nisl sollicitudin id varius orci quam id turpis Nunc viverra elit ac laoreet suscipit Pellentesque vitae velit ex Aliquam sodales odio id eleifend tristique In hac habitasse platea dictumst Mauris dapibus risus quis suscipit vulputate Curabitur aliquam euismod dolor non ornare Pellentesque et sapien pulvinar consectetur Nulla porta lobortis ligula vel egestas', 'john_user@symfony.com', '0000-00-00 00:00:00'),
	(150, 30, 'Mauris dapibus risus quis suscipit vulputate Pellentesque vitae velit ex Curabitur aliquam euismod dolor non ornare Ut eleifend mauris et risus ultrices egestas Urna nisl sollicitudin id varius orci quam id turpis Lorem ipsum dolor sit amet consectetur adipiscing elit Morbi tempus commodo mattis Nulla porta lobortis ligula vel egestas In hac habitasse platea dictumst Pellentesque et sapien pulvinar consectetur Sed varius a risus eget aliquam Aliquam sodales odio id eleifend tristique Eros diam egestas libero eu vulputate risus Nunc viverra elit ac laoreet suscipit', 'john_user@symfony.com', '0000-00-00 00:00:00');
/*!40000 ALTER TABLE `comment` ENABLE KEYS */;


-- Dumping structure for table eav_slim3_db.entity
DROP TABLE IF EXISTS `entity`;
CREATE TABLE IF NOT EXISTS `entity` (
  `id` int(10) unsigned NOT NULL AUTO_INCREMENT,
  `name` varchar(64) COLLATE utf8_unicode_ci NOT NULL DEFAULT '',
  `description` varchar(64) COLLATE utf8_unicode_ci NOT NULL DEFAULT '',
  PRIMARY KEY (`id`)
) ENGINE=InnoDB AUTO_INCREMENT=3 DEFAULT CHARSET=utf8 COLLATE=utf8_unicode_ci;

-- Dumping data for table eav_slim3_db.entity: ~2 rows (approximately)
DELETE FROM `entity`;
/*!40000 ALTER TABLE `entity` DISABLE KEYS */;
INSERT INTO `entity` (`id`, `name`, `description`) VALUES
	(1, 'Post', 'Where posts are save'),
	(2, 'Identification', 'Person identification');
/*!40000 ALTER TABLE `entity` ENABLE KEYS */;


-- Dumping structure for table eav_slim3_db.module
DROP TABLE IF EXISTS `module`;
CREATE TABLE IF NOT EXISTS `module` (
  `id` int(11) unsigned NOT NULL AUTO_INCREMENT,
  `id_application` int(11) unsigned NOT NULL,
  `name` varchar(64) NOT NULL,
  PRIMARY KEY (`id`),
  KEY `id_application` (`id_application`),
  CONSTRAINT `FK_module_application` FOREIGN KEY (`id_application`) REFERENCES `application` (`id`)
) ENGINE=InnoDB AUTO_INCREMENT=6 DEFAULT CHARSET=utf8;

-- Dumping data for table eav_slim3_db.module: ~3 rows (approximately)
DELETE FROM `module`;
/*!40000 ALTER TABLE `module` DISABLE KEYS */;
INSERT INTO `module` (`id`, `id_application`, `name`) VALUES
	(1, 2, 'ModulePost'),
	(4, 2, 'ModuleUserPost'),
	(5, 1, 'ModuleIdentification');
/*!40000 ALTER TABLE `module` ENABLE KEYS */;


-- Dumping structure for table eav_slim3_db.post
DROP TABLE IF EXISTS `post`;
CREATE TABLE IF NOT EXISTS `post` (
  `id` int(11) NOT NULL AUTO_INCREMENT,
  `title` varchar(255) COLLATE utf8_unicode_ci NOT NULL,
  `slug` varchar(255) COLLATE utf8_unicode_ci NOT NULL,
  `summary` varchar(255) COLLATE utf8_unicode_ci NOT NULL,
  `content` longtext COLLATE utf8_unicode_ci NOT NULL,
  `authorEmail` varchar(255) COLLATE utf8_unicode_ci NOT NULL,
  `publishedAt` datetime NOT NULL,
  PRIMARY KEY (`id`)
) ENGINE=InnoDB AUTO_INCREMENT=31 DEFAULT CHARSET=utf8 COLLATE=utf8_unicode_ci;

-- Dumping data for table eav_slim3_db.post: ~30 rows (approximately)
DELETE FROM `post`;
/*!40000 ALTER TABLE `post` DISABLE KEYS */;
INSERT INTO `post` (`id`, `title`, `slug`, `summary`, `content`, `authorEmail`, `publishedAt`) VALUES
	(1, 'In hac habitasse platea dictumst', 'in-hac-habitasse-platea-dictumst', 'Aliquam sodales odio id eleifend tristique Eros diam egestas libero eu vulputate risus Mauris dapibus risus quis suscipit vulputate Sed varius a risus eget aliquam Pellentesque et sapien pulvinar consectetur Lorem ipsum dolor sit amet consectetur adipisci', 'Lorem ipsum dolor sit amet consectetur adipisicing elit, sed do eiusmod tempor\r\nincididunt ut labore et **dolore magna aliqua**: Duis aute irure dolor in\r\nreprehenderit in voluptate velit esse cillum dolore eu fugiat nulla pariatur.\r\nExcepteur sint occaecat cupidatat non proident, sunt in culpa qui officia\r\ndeserunt mollit anim id est laborum.\r\n\r\n  * Ut enim ad minim veniam\r\n  * Quis nostrud exercitation *ullamco laboris*\r\n  * Nisi ut aliquip ex ea commodo consequat\r\n\r\nPraesent id fermentum lorem. Ut est lorem, fringilla at accumsan nec, euismod at\r\nnunc. Aenean mattis sollicitudin mattis. Nullam pulvinar vestibulum bibendum.\r\nClass aptent taciti sociosqu ad litora torquent per conubia nostra, per inceptos\r\nhimenaeos. Fusce nulla purus, gravida ac interdum ut, blandit eget ex. Duis a\r\nluctus dolor.\r\n\r\nInteger auctor massa maximus nulla scelerisque accumsan. *Aliquam ac malesuada*\r\nex. Pellentesque tortor magna, vulputate eu vulputate ut, venenatis ac lectus.\r\nPraesent ut lacinia sem. Mauris a lectus eget felis mollis feugiat. Quisque\r\nefficitur, mi ut semper pulvinar, urna urna blandit massa, eget tincidunt augue\r\nnulla vitae est.\r\n\r\nUt posuere aliquet tincidunt. Aliquam erat volutpat. **Class aptent taciti**\r\nsociosqu ad litora torquent per conubia nostra, per inceptos himenaeos. Morbi\r\narcu orci, gravida eget aliquam eu, suscipit et ante. Morbi vulputate metus vel\r\nipsum finibus, ut dapibus massa feugiat. Vestibulum vel lobortis libero. Sed\r\ntincidunt tellus et viverra scelerisque. Pellentesque tincidunt cursus felis.\r\nSed in egestas erat.\r\n\r\nAliquam pulvinar interdum massa, vel ullamcorper ante consectetur eu. Vestibulum\r\nlacinia ac enim vel placerat. Integer pulvinar magna nec dui malesuada, nec\r\ncongue nisl dictum. Donec mollis nisl tortor, at congue erat consequat a. Nam\r\ntempus elit porta, blandit elit vel, viverra lorem. Sed sit amet tellus\r\ntincidunt, faucibus nisl in, aliquet libero.', 'anna_admin@symfony.com', '0000-00-00 00:00:00'),
	(2, 'Ut eleifend mauris et risus ultrices egestas', 'ut-eleifend-mauris-et-risus-ultrices-egestas', 'Nulla porta lobortis ligula vel egestas Lorem ipsum dolor sit amet consectetur adipiscing elit Aliquam sodales odio id eleifend tristique Sed varius a risus eget aliquam Mauris dapibus risus quis suscipit vulputate', 'Lorem ipsum dolor sit amet consectetur adipisicing elit, sed do eiusmod tempor\r\nincididunt ut labore et **dolore magna aliqua**: Duis aute irure dolor in\r\nreprehenderit in voluptate velit esse cillum dolore eu fugiat nulla pariatur.\r\nExcepteur sint occaecat cupidatat non proident, sunt in culpa qui officia\r\ndeserunt mollit anim id est laborum.\r\n\r\n  * Ut enim ad minim veniam\r\n  * Quis nostrud exercitation *ullamco laboris*\r\n  * Nisi ut aliquip ex ea commodo consequat\r\n\r\nPraesent id fermentum lorem. Ut est lorem, fringilla at accumsan nec, euismod at\r\nnunc. Aenean mattis sollicitudin mattis. Nullam pulvinar vestibulum bibendum.\r\nClass aptent taciti sociosqu ad litora torquent per conubia nostra, per inceptos\r\nhimenaeos. Fusce nulla purus, gravida ac interdum ut, blandit eget ex. Duis a\r\nluctus dolor.\r\n\r\nInteger auctor massa maximus nulla scelerisque accumsan. *Aliquam ac malesuada*\r\nex. Pellentesque tortor magna, vulputate eu vulputate ut, venenatis ac lectus.\r\nPraesent ut lacinia sem. Mauris a lectus eget felis mollis feugiat. Quisque\r\nefficitur, mi ut semper pulvinar, urna urna blandit massa, eget tincidunt augue\r\nnulla vitae est.\r\n\r\nUt posuere aliquet tincidunt. Aliquam erat volutpat. **Class aptent taciti**\r\nsociosqu ad litora torquent per conubia nostra, per inceptos himenaeos. Morbi\r\narcu orci, gravida eget aliquam eu, suscipit et ante. Morbi vulputate metus vel\r\nipsum finibus, ut dapibus massa feugiat. Vestibulum vel lobortis libero. Sed\r\ntincidunt tellus et viverra scelerisque. Pellentesque tincidunt cursus felis.\r\nSed in egestas erat.\r\n\r\nAliquam pulvinar interdum massa, vel ullamcorper ante consectetur eu. Vestibulum\r\nlacinia ac enim vel placerat. Integer pulvinar magna nec dui malesuada, nec\r\ncongue nisl dictum. Donec mollis nisl tortor, at congue erat consequat a. Nam\r\ntempus elit porta, blandit elit vel, viverra lorem. Sed sit amet tellus\r\ntincidunt, faucibus nisl in, aliquet libero.', 'anna_admin@symfony.com', '0000-00-00 00:00:00'),
	(3, 'Aliquam sodales odio id eleifend tristique', 'aliquam-sodales-odio-id-eleifend-tristique', 'Aliquam sodales odio id eleifend tristique Ut suscipit posuere justo at vulputate Mauris dapibus risus quis suscipit vulputate Pellentesque vitae velit ex Eros diam egestas libero eu vulputate risus Curabitur aliquam euismod dolor non ornare Morbi tempus ', 'Lorem ipsum dolor sit amet consectetur adipisicing elit, sed do eiusmod tempor\r\nincididunt ut labore et **dolore magna aliqua**: Duis aute irure dolor in\r\nreprehenderit in voluptate velit esse cillum dolore eu fugiat nulla pariatur.\r\nExcepteur sint occaecat cupidatat non proident, sunt in culpa qui officia\r\ndeserunt mollit anim id est laborum.\r\n\r\n  * Ut enim ad minim veniam\r\n  * Quis nostrud exercitation *ullamco laboris*\r\n  * Nisi ut aliquip ex ea commodo consequat\r\n\r\nPraesent id fermentum lorem. Ut est lorem, fringilla at accumsan nec, euismod at\r\nnunc. Aenean mattis sollicitudin mattis. Nullam pulvinar vestibulum bibendum.\r\nClass aptent taciti sociosqu ad litora torquent per conubia nostra, per inceptos\r\nhimenaeos. Fusce nulla purus, gravida ac interdum ut, blandit eget ex. Duis a\r\nluctus dolor.\r\n\r\nInteger auctor massa maximus nulla scelerisque accumsan. *Aliquam ac malesuada*\r\nex. Pellentesque tortor magna, vulputate eu vulputate ut, venenatis ac lectus.\r\nPraesent ut lacinia sem. Mauris a lectus eget felis mollis feugiat. Quisque\r\nefficitur, mi ut semper pulvinar, urna urna blandit massa, eget tincidunt augue\r\nnulla vitae est.\r\n\r\nUt posuere aliquet tincidunt. Aliquam erat volutpat. **Class aptent taciti**\r\nsociosqu ad litora torquent per conubia nostra, per inceptos himenaeos. Morbi\r\narcu orci, gravida eget aliquam eu, suscipit et ante. Morbi vulputate metus vel\r\nipsum finibus, ut dapibus massa feugiat. Vestibulum vel lobortis libero. Sed\r\ntincidunt tellus et viverra scelerisque. Pellentesque tincidunt cursus felis.\r\nSed in egestas erat.\r\n\r\nAliquam pulvinar interdum massa, vel ullamcorper ante consectetur eu. Vestibulum\r\nlacinia ac enim vel placerat. Integer pulvinar magna nec dui malesuada, nec\r\ncongue nisl dictum. Donec mollis nisl tortor, at congue erat consequat a. Nam\r\ntempus elit porta, blandit elit vel, viverra lorem. Sed sit amet tellus\r\ntincidunt, faucibus nisl in, aliquet libero.', 'anna_admin@symfony.com', '0000-00-00 00:00:00'),
	(4, 'In hac habitasse platea dictumst', 'in-hac-habitasse-platea-dictumst', 'Ut eleifend mauris et risus ultrices egestas Urna nisl sollicitudin id varius orci quam id turpis Mauris dapibus risus quis suscipit vulputate Ut suscipit posuere justo at vulputate Nunc viverra elit ac laoreet suscipit Curabitur aliquam euismod dolor non', 'Lorem ipsum dolor sit amet consectetur adipisicing elit, sed do eiusmod tempor\r\nincididunt ut labore et **dolore magna aliqua**: Duis aute irure dolor in\r\nreprehenderit in voluptate velit esse cillum dolore eu fugiat nulla pariatur.\r\nExcepteur sint occaecat cupidatat non proident, sunt in culpa qui officia\r\ndeserunt mollit anim id est laborum.\r\n\r\n  * Ut enim ad minim veniam\r\n  * Quis nostrud exercitation *ullamco laboris*\r\n  * Nisi ut aliquip ex ea commodo consequat\r\n\r\nPraesent id fermentum lorem. Ut est lorem, fringilla at accumsan nec, euismod at\r\nnunc. Aenean mattis sollicitudin mattis. Nullam pulvinar vestibulum bibendum.\r\nClass aptent taciti sociosqu ad litora torquent per conubia nostra, per inceptos\r\nhimenaeos. Fusce nulla purus, gravida ac interdum ut, blandit eget ex. Duis a\r\nluctus dolor.\r\n\r\nInteger auctor massa maximus nulla scelerisque accumsan. *Aliquam ac malesuada*\r\nex. Pellentesque tortor magna, vulputate eu vulputate ut, venenatis ac lectus.\r\nPraesent ut lacinia sem. Mauris a lectus eget felis mollis feugiat. Quisque\r\nefficitur, mi ut semper pulvinar, urna urna blandit massa, eget tincidunt augue\r\nnulla vitae est.\r\n\r\nUt posuere aliquet tincidunt. Aliquam erat volutpat. **Class aptent taciti**\r\nsociosqu ad litora torquent per conubia nostra, per inceptos himenaeos. Morbi\r\narcu orci, gravida eget aliquam eu, suscipit et ante. Morbi vulputate metus vel\r\nipsum finibus, ut dapibus massa feugiat. Vestibulum vel lobortis libero. Sed\r\ntincidunt tellus et viverra scelerisque. Pellentesque tincidunt cursus felis.\r\nSed in egestas erat.\r\n\r\nAliquam pulvinar interdum massa, vel ullamcorper ante consectetur eu. Vestibulum\r\nlacinia ac enim vel placerat. Integer pulvinar magna nec dui malesuada, nec\r\ncongue nisl dictum. Donec mollis nisl tortor, at congue erat consequat a. Nam\r\ntempus elit porta, blandit elit vel, viverra lorem. Sed sit amet tellus\r\ntincidunt, faucibus nisl in, aliquet libero.', 'anna_admin@symfony.com', '0000-00-00 00:00:00'),
	(5, 'Ut eleifend mauris et risus ultrices egestas', 'ut-eleifend-mauris-et-risus-ultrices-egestas', 'Curabitur aliquam euismod dolor non ornare Eros diam egestas libero eu vulputate risus Lorem ipsum dolor sit amet consectetur adipiscing elit Mauris dapibus risus quis suscipit vulputate Pellentesque vitae velit ex Ut suscipit posuere justo at vulputate P', 'Lorem ipsum dolor sit amet consectetur adipisicing elit, sed do eiusmod tempor\r\nincididunt ut labore et **dolore magna aliqua**: Duis aute irure dolor in\r\nreprehenderit in voluptate velit esse cillum dolore eu fugiat nulla pariatur.\r\nExcepteur sint occaecat cupidatat non proident, sunt in culpa qui officia\r\ndeserunt mollit anim id est laborum.\r\n\r\n  * Ut enim ad minim veniam\r\n  * Quis nostrud exercitation *ullamco laboris*\r\n  * Nisi ut aliquip ex ea commodo consequat\r\n\r\nPraesent id fermentum lorem. Ut est lorem, fringilla at accumsan nec, euismod at\r\nnunc. Aenean mattis sollicitudin mattis. Nullam pulvinar vestibulum bibendum.\r\nClass aptent taciti sociosqu ad litora torquent per conubia nostra, per inceptos\r\nhimenaeos. Fusce nulla purus, gravida ac interdum ut, blandit eget ex. Duis a\r\nluctus dolor.\r\n\r\nInteger auctor massa maximus nulla scelerisque accumsan. *Aliquam ac malesuada*\r\nex. Pellentesque tortor magna, vulputate eu vulputate ut, venenatis ac lectus.\r\nPraesent ut lacinia sem. Mauris a lectus eget felis mollis feugiat. Quisque\r\nefficitur, mi ut semper pulvinar, urna urna blandit massa, eget tincidunt augue\r\nnulla vitae est.\r\n\r\nUt posuere aliquet tincidunt. Aliquam erat volutpat. **Class aptent taciti**\r\nsociosqu ad litora torquent per conubia nostra, per inceptos himenaeos. Morbi\r\narcu orci, gravida eget aliquam eu, suscipit et ante. Morbi vulputate metus vel\r\nipsum finibus, ut dapibus massa feugiat. Vestibulum vel lobortis libero. Sed\r\ntincidunt tellus et viverra scelerisque. Pellentesque tincidunt cursus felis.\r\nSed in egestas erat.\r\n\r\nAliquam pulvinar interdum massa, vel ullamcorper ante consectetur eu. Vestibulum\r\nlacinia ac enim vel placerat. Integer pulvinar magna nec dui malesuada, nec\r\ncongue nisl dictum. Donec mollis nisl tortor, at congue erat consequat a. Nam\r\ntempus elit porta, blandit elit vel, viverra lorem. Sed sit amet tellus\r\ntincidunt, faucibus nisl in, aliquet libero.', 'anna_admin@symfony.com', '0000-00-00 00:00:00'),
	(6, 'Pellentesque vitae velit e', 'pellentesque-vitae-velit-e', 'Lorem ipsum dolor sit amet consectetur adipiscing elit Eros diam egestas libero eu vulputate risus Aliquam sodales odio id eleifend tristique Urna nisl sollicitudin id varius orci quam id turpis Nunc viverra elit ac laoreet suscipit In hac habitasse plate', 'Lorem ipsum dolor sit amet consectetur adipisicing elit, sed do eiusmod tempor\r\nincididunt ut labore et **dolore magna aliqua**: Duis aute irure dolor in\r\nreprehenderit in voluptate velit esse cillum dolore eu fugiat nulla pariatur.\r\nExcepteur sint occaecat cupidatat non proident, sunt in culpa qui officia\r\ndeserunt mollit anim id est laborum.\r\n\r\n  * Ut enim ad minim veniam\r\n  * Quis nostrud exercitation *ullamco laboris*\r\n  * Nisi ut aliquip ex ea commodo consequat\r\n\r\nPraesent id fermentum lorem. Ut est lorem, fringilla at accumsan nec, euismod at\r\nnunc. Aenean mattis sollicitudin mattis. Nullam pulvinar vestibulum bibendum.\r\nClass aptent taciti sociosqu ad litora torquent per conubia nostra, per inceptos\r\nhimenaeos. Fusce nulla purus, gravida ac interdum ut, blandit eget ex. Duis a\r\nluctus dolor.\r\n\r\nInteger auctor massa maximus nulla scelerisque accumsan. *Aliquam ac malesuada*\r\nex. Pellentesque tortor magna, vulputate eu vulputate ut, venenatis ac lectus.\r\nPraesent ut lacinia sem. Mauris a lectus eget felis mollis feugiat. Quisque\r\nefficitur, mi ut semper pulvinar, urna urna blandit massa, eget tincidunt augue\r\nnulla vitae est.\r\n\r\nUt posuere aliquet tincidunt. Aliquam erat volutpat. **Class aptent taciti**\r\nsociosqu ad litora torquent per conubia nostra, per inceptos himenaeos. Morbi\r\narcu orci, gravida eget aliquam eu, suscipit et ante. Morbi vulputate metus vel\r\nipsum finibus, ut dapibus massa feugiat. Vestibulum vel lobortis libero. Sed\r\ntincidunt tellus et viverra scelerisque. Pellentesque tincidunt cursus felis.\r\nSed in egestas erat.\r\n\r\nAliquam pulvinar interdum massa, vel ullamcorper ante consectetur eu. Vestibulum\r\nlacinia ac enim vel placerat. Integer pulvinar magna nec dui malesuada, nec\r\ncongue nisl dictum. Donec mollis nisl tortor, at congue erat consequat a. Nam\r\ntempus elit porta, blandit elit vel, viverra lorem. Sed sit amet tellus\r\ntincidunt, faucibus nisl in, aliquet libero.', 'anna_admin@symfony.com', '0000-00-00 00:00:00'),
	(7, 'Curabitur aliquam euismod dolor non ornare', 'curabitur-aliquam-euismod-dolor-non-ornare', 'Aliquam sodales odio id eleifend tristique Urna nisl sollicitudin id varius orci quam id turpis Ut eleifend mauris et risus ultrices egestas Curabitur aliquam euismod dolor non ornare Eros diam egestas libero eu vulputate risus Morbi tempus commodo mattis', 'Lorem ipsum dolor sit amet consectetur adipisicing elit, sed do eiusmod tempor\r\nincididunt ut labore et **dolore magna aliqua**: Duis aute irure dolor in\r\nreprehenderit in voluptate velit esse cillum dolore eu fugiat nulla pariatur.\r\nExcepteur sint occaecat cupidatat non proident, sunt in culpa qui officia\r\ndeserunt mollit anim id est laborum.\r\n\r\n  * Ut enim ad minim veniam\r\n  * Quis nostrud exercitation *ullamco laboris*\r\n  * Nisi ut aliquip ex ea commodo consequat\r\n\r\nPraesent id fermentum lorem. Ut est lorem, fringilla at accumsan nec, euismod at\r\nnunc. Aenean mattis sollicitudin mattis. Nullam pulvinar vestibulum bibendum.\r\nClass aptent taciti sociosqu ad litora torquent per conubia nostra, per inceptos\r\nhimenaeos. Fusce nulla purus, gravida ac interdum ut, blandit eget ex. Duis a\r\nluctus dolor.\r\n\r\nInteger auctor massa maximus nulla scelerisque accumsan. *Aliquam ac malesuada*\r\nex. Pellentesque tortor magna, vulputate eu vulputate ut, venenatis ac lectus.\r\nPraesent ut lacinia sem. Mauris a lectus eget felis mollis feugiat. Quisque\r\nefficitur, mi ut semper pulvinar, urna urna blandit massa, eget tincidunt augue\r\nnulla vitae est.\r\n\r\nUt posuere aliquet tincidunt. Aliquam erat volutpat. **Class aptent taciti**\r\nsociosqu ad litora torquent per conubia nostra, per inceptos himenaeos. Morbi\r\narcu orci, gravida eget aliquam eu, suscipit et ante. Morbi vulputate metus vel\r\nipsum finibus, ut dapibus massa feugiat. Vestibulum vel lobortis libero. Sed\r\ntincidunt tellus et viverra scelerisque. Pellentesque tincidunt cursus felis.\r\nSed in egestas erat.\r\n\r\nAliquam pulvinar interdum massa, vel ullamcorper ante consectetur eu. Vestibulum\r\nlacinia ac enim vel placerat. Integer pulvinar magna nec dui malesuada, nec\r\ncongue nisl dictum. Donec mollis nisl tortor, at congue erat consequat a. Nam\r\ntempus elit porta, blandit elit vel, viverra lorem. Sed sit amet tellus\r\ntincidunt, faucibus nisl in, aliquet libero.', 'anna_admin@symfony.com', '0000-00-00 00:00:00'),
	(8, 'Sed varius a risus eget aliquam', 'sed-varius-a-risus-eget-aliquam', 'Aliquam sodales odio id eleifend tristique In hac habitasse platea dictumst Morbi tempus commodo mattis Mauris dapibus risus quis suscipit vulputate Lorem ipsum dolor sit amet consectetur adipiscing elit', 'Lorem ipsum dolor sit amet consectetur adipisicing elit, sed do eiusmod tempor\r\nincididunt ut labore et **dolore magna aliqua**: Duis aute irure dolor in\r\nreprehenderit in voluptate velit esse cillum dolore eu fugiat nulla pariatur.\r\nExcepteur sint occaecat cupidatat non proident, sunt in culpa qui officia\r\ndeserunt mollit anim id est laborum.\r\n\r\n  * Ut enim ad minim veniam\r\n  * Quis nostrud exercitation *ullamco laboris*\r\n  * Nisi ut aliquip ex ea commodo consequat\r\n\r\nPraesent id fermentum lorem. Ut est lorem, fringilla at accumsan nec, euismod at\r\nnunc. Aenean mattis sollicitudin mattis. Nullam pulvinar vestibulum bibendum.\r\nClass aptent taciti sociosqu ad litora torquent per conubia nostra, per inceptos\r\nhimenaeos. Fusce nulla purus, gravida ac interdum ut, blandit eget ex. Duis a\r\nluctus dolor.\r\n\r\nInteger auctor massa maximus nulla scelerisque accumsan. *Aliquam ac malesuada*\r\nex. Pellentesque tortor magna, vulputate eu vulputate ut, venenatis ac lectus.\r\nPraesent ut lacinia sem. Mauris a lectus eget felis mollis feugiat. Quisque\r\nefficitur, mi ut semper pulvinar, urna urna blandit massa, eget tincidunt augue\r\nnulla vitae est.\r\n\r\nUt posuere aliquet tincidunt. Aliquam erat volutpat. **Class aptent taciti**\r\nsociosqu ad litora torquent per conubia nostra, per inceptos himenaeos. Morbi\r\narcu orci, gravida eget aliquam eu, suscipit et ante. Morbi vulputate metus vel\r\nipsum finibus, ut dapibus massa feugiat. Vestibulum vel lobortis libero. Sed\r\ntincidunt tellus et viverra scelerisque. Pellentesque tincidunt cursus felis.\r\nSed in egestas erat.\r\n\r\nAliquam pulvinar interdum massa, vel ullamcorper ante consectetur eu. Vestibulum\r\nlacinia ac enim vel placerat. Integer pulvinar magna nec dui malesuada, nec\r\ncongue nisl dictum. Donec mollis nisl tortor, at congue erat consequat a. Nam\r\ntempus elit porta, blandit elit vel, viverra lorem. Sed sit amet tellus\r\ntincidunt, faucibus nisl in, aliquet libero.', 'anna_admin@symfony.com', '0000-00-00 00:00:00'),
	(9, 'Eros diam egestas libero eu vulputate risus', 'eros-diam-egestas-libero-eu-vulputate-risus', 'Morbi tempus commodo mattis Urna nisl sollicitudin id varius orci quam id turpis Pellentesque et sapien pulvinar consectetur Ut eleifend mauris et risus ultrices egestas In hac habitasse platea dictumst Eros diam egestas libero eu vulputate risus Curabitu', 'Lorem ipsum dolor sit amet consectetur adipisicing elit, sed do eiusmod tempor\r\nincididunt ut labore et **dolore magna aliqua**: Duis aute irure dolor in\r\nreprehenderit in voluptate velit esse cillum dolore eu fugiat nulla pariatur.\r\nExcepteur sint occaecat cupidatat non proident, sunt in culpa qui officia\r\ndeserunt mollit anim id est laborum.\r\n\r\n  * Ut enim ad minim veniam\r\n  * Quis nostrud exercitation *ullamco laboris*\r\n  * Nisi ut aliquip ex ea commodo consequat\r\n\r\nPraesent id fermentum lorem. Ut est lorem, fringilla at accumsan nec, euismod at\r\nnunc. Aenean mattis sollicitudin mattis. Nullam pulvinar vestibulum bibendum.\r\nClass aptent taciti sociosqu ad litora torquent per conubia nostra, per inceptos\r\nhimenaeos. Fusce nulla purus, gravida ac interdum ut, blandit eget ex. Duis a\r\nluctus dolor.\r\n\r\nInteger auctor massa maximus nulla scelerisque accumsan. *Aliquam ac malesuada*\r\nex. Pellentesque tortor magna, vulputate eu vulputate ut, venenatis ac lectus.\r\nPraesent ut lacinia sem. Mauris a lectus eget felis mollis feugiat. Quisque\r\nefficitur, mi ut semper pulvinar, urna urna blandit massa, eget tincidunt augue\r\nnulla vitae est.\r\n\r\nUt posuere aliquet tincidunt. Aliquam erat volutpat. **Class aptent taciti**\r\nsociosqu ad litora torquent per conubia nostra, per inceptos himenaeos. Morbi\r\narcu orci, gravida eget aliquam eu, suscipit et ante. Morbi vulputate metus vel\r\nipsum finibus, ut dapibus massa feugiat. Vestibulum vel lobortis libero. Sed\r\ntincidunt tellus et viverra scelerisque. Pellentesque tincidunt cursus felis.\r\nSed in egestas erat.\r\n\r\nAliquam pulvinar interdum massa, vel ullamcorper ante consectetur eu. Vestibulum\r\nlacinia ac enim vel placerat. Integer pulvinar magna nec dui malesuada, nec\r\ncongue nisl dictum. Donec mollis nisl tortor, at congue erat consequat a. Nam\r\ntempus elit porta, blandit elit vel, viverra lorem. Sed sit amet tellus\r\ntincidunt, faucibus nisl in, aliquet libero.', 'anna_admin@symfony.com', '0000-00-00 00:00:00'),
	(10, 'Lorem ipsum dolor sit amet consectetur adipiscing elit', 'lorem-ipsum-dolor-sit-amet-consectetur-adipiscing-elit', 'Pellentesque et sapien pulvinar consectetur Ut suscipit posuere justo at vulputate Nunc viverra elit ac laoreet suscipit Morbi tempus commodo mattis In hac habitasse platea dictumst', 'Lorem ipsum dolor sit amet consectetur adipisicing elit, sed do eiusmod tempor\r\nincididunt ut labore et **dolore magna aliqua**: Duis aute irure dolor in\r\nreprehenderit in voluptate velit esse cillum dolore eu fugiat nulla pariatur.\r\nExcepteur sint occaecat cupidatat non proident, sunt in culpa qui officia\r\ndeserunt mollit anim id est laborum.\r\n\r\n  * Ut enim ad minim veniam\r\n  * Quis nostrud exercitation *ullamco laboris*\r\n  * Nisi ut aliquip ex ea commodo consequat\r\n\r\nPraesent id fermentum lorem. Ut est lorem, fringilla at accumsan nec, euismod at\r\nnunc. Aenean mattis sollicitudin mattis. Nullam pulvinar vestibulum bibendum.\r\nClass aptent taciti sociosqu ad litora torquent per conubia nostra, per inceptos\r\nhimenaeos. Fusce nulla purus, gravida ac interdum ut, blandit eget ex. Duis a\r\nluctus dolor.\r\n\r\nInteger auctor massa maximus nulla scelerisque accumsan. *Aliquam ac malesuada*\r\nex. Pellentesque tortor magna, vulputate eu vulputate ut, venenatis ac lectus.\r\nPraesent ut lacinia sem. Mauris a lectus eget felis mollis feugiat. Quisque\r\nefficitur, mi ut semper pulvinar, urna urna blandit massa, eget tincidunt augue\r\nnulla vitae est.\r\n\r\nUt posuere aliquet tincidunt. Aliquam erat volutpat. **Class aptent taciti**\r\nsociosqu ad litora torquent per conubia nostra, per inceptos himenaeos. Morbi\r\narcu orci, gravida eget aliquam eu, suscipit et ante. Morbi vulputate metus vel\r\nipsum finibus, ut dapibus massa feugiat. Vestibulum vel lobortis libero. Sed\r\ntincidunt tellus et viverra scelerisque. Pellentesque tincidunt cursus felis.\r\nSed in egestas erat.\r\n\r\nAliquam pulvinar interdum massa, vel ullamcorper ante consectetur eu. Vestibulum\r\nlacinia ac enim vel placerat. Integer pulvinar magna nec dui malesuada, nec\r\ncongue nisl dictum. Donec mollis nisl tortor, at congue erat consequat a. Nam\r\ntempus elit porta, blandit elit vel, viverra lorem. Sed sit amet tellus\r\ntincidunt, faucibus nisl in, aliquet libero.', 'anna_admin@symfony.com', '0000-00-00 00:00:00'),
	(11, 'Ut suscipit posuere justo at vulputate', 'ut-suscipit-posuere-justo-at-vulputate', 'Pellentesque et sapien pulvinar consectetur Sed varius a risus eget aliquam Lorem ipsum dolor sit amet consectetur adipiscing elit Nunc viverra elit ac laoreet suscipit Ut eleifend mauris et risus ultrices egestas Ut suscipit posuere justo at vulputate Mo', 'Lorem ipsum dolor sit amet consectetur adipisicing elit, sed do eiusmod tempor\r\nincididunt ut labore et **dolore magna aliqua**: Duis aute irure dolor in\r\nreprehenderit in voluptate velit esse cillum dolore eu fugiat nulla pariatur.\r\nExcepteur sint occaecat cupidatat non proident, sunt in culpa qui officia\r\ndeserunt mollit anim id est laborum.\r\n\r\n  * Ut enim ad minim veniam\r\n  * Quis nostrud exercitation *ullamco laboris*\r\n  * Nisi ut aliquip ex ea commodo consequat\r\n\r\nPraesent id fermentum lorem. Ut est lorem, fringilla at accumsan nec, euismod at\r\nnunc. Aenean mattis sollicitudin mattis. Nullam pulvinar vestibulum bibendum.\r\nClass aptent taciti sociosqu ad litora torquent per conubia nostra, per inceptos\r\nhimenaeos. Fusce nulla purus, gravida ac interdum ut, blandit eget ex. Duis a\r\nluctus dolor.\r\n\r\nInteger auctor massa maximus nulla scelerisque accumsan. *Aliquam ac malesuada*\r\nex. Pellentesque tortor magna, vulputate eu vulputate ut, venenatis ac lectus.\r\nPraesent ut lacinia sem. Mauris a lectus eget felis mollis feugiat. Quisque\r\nefficitur, mi ut semper pulvinar, urna urna blandit massa, eget tincidunt augue\r\nnulla vitae est.\r\n\r\nUt posuere aliquet tincidunt. Aliquam erat volutpat. **Class aptent taciti**\r\nsociosqu ad litora torquent per conubia nostra, per inceptos himenaeos. Morbi\r\narcu orci, gravida eget aliquam eu, suscipit et ante. Morbi vulputate metus vel\r\nipsum finibus, ut dapibus massa feugiat. Vestibulum vel lobortis libero. Sed\r\ntincidunt tellus et viverra scelerisque. Pellentesque tincidunt cursus felis.\r\nSed in egestas erat.\r\n\r\nAliquam pulvinar interdum massa, vel ullamcorper ante consectetur eu. Vestibulum\r\nlacinia ac enim vel placerat. Integer pulvinar magna nec dui malesuada, nec\r\ncongue nisl dictum. Donec mollis nisl tortor, at congue erat consequat a. Nam\r\ntempus elit porta, blandit elit vel, viverra lorem. Sed sit amet tellus\r\ntincidunt, faucibus nisl in, aliquet libero.', 'anna_admin@symfony.com', '0000-00-00 00:00:00'),
	(12, 'Urna nisl sollicitudin id varius orci quam id turpis', 'urna-nisl-sollicitudin-id-varius-orci-quam-id-turpis', 'Pellentesque et sapien pulvinar consectetur Urna nisl sollicitudin id varius orci quam id turpis Mauris dapibus risus quis suscipit vulputate Aliquam sodales odio id eleifend tristique Pellentesque vitae velit ex Ut suscipit posuere justo at vulputate Cur', 'Lorem ipsum dolor sit amet consectetur adipisicing elit, sed do eiusmod tempor\r\nincididunt ut labore et **dolore magna aliqua**: Duis aute irure dolor in\r\nreprehenderit in voluptate velit esse cillum dolore eu fugiat nulla pariatur.\r\nExcepteur sint occaecat cupidatat non proident, sunt in culpa qui officia\r\ndeserunt mollit anim id est laborum.\r\n\r\n  * Ut enim ad minim veniam\r\n  * Quis nostrud exercitation *ullamco laboris*\r\n  * Nisi ut aliquip ex ea commodo consequat\r\n\r\nPraesent id fermentum lorem. Ut est lorem, fringilla at accumsan nec, euismod at\r\nnunc. Aenean mattis sollicitudin mattis. Nullam pulvinar vestibulum bibendum.\r\nClass aptent taciti sociosqu ad litora torquent per conubia nostra, per inceptos\r\nhimenaeos. Fusce nulla purus, gravida ac interdum ut, blandit eget ex. Duis a\r\nluctus dolor.\r\n\r\nInteger auctor massa maximus nulla scelerisque accumsan. *Aliquam ac malesuada*\r\nex. Pellentesque tortor magna, vulputate eu vulputate ut, venenatis ac lectus.\r\nPraesent ut lacinia sem. Mauris a lectus eget felis mollis feugiat. Quisque\r\nefficitur, mi ut semper pulvinar, urna urna blandit massa, eget tincidunt augue\r\nnulla vitae est.\r\n\r\nUt posuere aliquet tincidunt. Aliquam erat volutpat. **Class aptent taciti**\r\nsociosqu ad litora torquent per conubia nostra, per inceptos himenaeos. Morbi\r\narcu orci, gravida eget aliquam eu, suscipit et ante. Morbi vulputate metus vel\r\nipsum finibus, ut dapibus massa feugiat. Vestibulum vel lobortis libero. Sed\r\ntincidunt tellus et viverra scelerisque. Pellentesque tincidunt cursus felis.\r\nSed in egestas erat.\r\n\r\nAliquam pulvinar interdum massa, vel ullamcorper ante consectetur eu. Vestibulum\r\nlacinia ac enim vel placerat. Integer pulvinar magna nec dui malesuada, nec\r\ncongue nisl dictum. Donec mollis nisl tortor, at congue erat consequat a. Nam\r\ntempus elit porta, blandit elit vel, viverra lorem. Sed sit amet tellus\r\ntincidunt, faucibus nisl in, aliquet libero.', 'anna_admin@symfony.com', '0000-00-00 00:00:00'),
	(13, 'Pellentesque vitae velit e', 'pellentesque-vitae-velit-e', 'Pellentesque et sapien pulvinar consectetur Urna nisl sollicitudin id varius orci quam id turpis Sed varius a risus eget aliquam Ut suscipit posuere justo at vulputate Mauris dapibus risus quis suscipit vulputate', 'Lorem ipsum dolor sit amet consectetur adipisicing elit, sed do eiusmod tempor\r\nincididunt ut labore et **dolore magna aliqua**: Duis aute irure dolor in\r\nreprehenderit in voluptate velit esse cillum dolore eu fugiat nulla pariatur.\r\nExcepteur sint occaecat cupidatat non proident, sunt in culpa qui officia\r\ndeserunt mollit anim id est laborum.\r\n\r\n  * Ut enim ad minim veniam\r\n  * Quis nostrud exercitation *ullamco laboris*\r\n  * Nisi ut aliquip ex ea commodo consequat\r\n\r\nPraesent id fermentum lorem. Ut est lorem, fringilla at accumsan nec, euismod at\r\nnunc. Aenean mattis sollicitudin mattis. Nullam pulvinar vestibulum bibendum.\r\nClass aptent taciti sociosqu ad litora torquent per conubia nostra, per inceptos\r\nhimenaeos. Fusce nulla purus, gravida ac interdum ut, blandit eget ex. Duis a\r\nluctus dolor.\r\n\r\nInteger auctor massa maximus nulla scelerisque accumsan. *Aliquam ac malesuada*\r\nex. Pellentesque tortor magna, vulputate eu vulputate ut, venenatis ac lectus.\r\nPraesent ut lacinia sem. Mauris a lectus eget felis mollis feugiat. Quisque\r\nefficitur, mi ut semper pulvinar, urna urna blandit massa, eget tincidunt augue\r\nnulla vitae est.\r\n\r\nUt posuere aliquet tincidunt. Aliquam erat volutpat. **Class aptent taciti**\r\nsociosqu ad litora torquent per conubia nostra, per inceptos himenaeos. Morbi\r\narcu orci, gravida eget aliquam eu, suscipit et ante. Morbi vulputate metus vel\r\nipsum finibus, ut dapibus massa feugiat. Vestibulum vel lobortis libero. Sed\r\ntincidunt tellus et viverra scelerisque. Pellentesque tincidunt cursus felis.\r\nSed in egestas erat.\r\n\r\nAliquam pulvinar interdum massa, vel ullamcorper ante consectetur eu. Vestibulum\r\nlacinia ac enim vel placerat. Integer pulvinar magna nec dui malesuada, nec\r\ncongue nisl dictum. Donec mollis nisl tortor, at congue erat consequat a. Nam\r\ntempus elit porta, blandit elit vel, viverra lorem. Sed sit amet tellus\r\ntincidunt, faucibus nisl in, aliquet libero.', 'anna_admin@symfony.com', '0000-00-00 00:00:00'),
	(14, 'Urna nisl sollicitudin id varius orci quam id turpis', 'urna-nisl-sollicitudin-id-varius-orci-quam-id-turpis', 'In hac habitasse platea dictumst Urna nisl sollicitudin id varius orci quam id turpis Curabitur aliquam euismod dolor non ornare Eros diam egestas libero eu vulputate risus Nulla porta lobortis ligula vel egestas Nunc viverra elit ac laoreet suscipit Ut e', 'Lorem ipsum dolor sit amet consectetur adipisicing elit, sed do eiusmod tempor\r\nincididunt ut labore et **dolore magna aliqua**: Duis aute irure dolor in\r\nreprehenderit in voluptate velit esse cillum dolore eu fugiat nulla pariatur.\r\nExcepteur sint occaecat cupidatat non proident, sunt in culpa qui officia\r\ndeserunt mollit anim id est laborum.\r\n\r\n  * Ut enim ad minim veniam\r\n  * Quis nostrud exercitation *ullamco laboris*\r\n  * Nisi ut aliquip ex ea commodo consequat\r\n\r\nPraesent id fermentum lorem. Ut est lorem, fringilla at accumsan nec, euismod at\r\nnunc. Aenean mattis sollicitudin mattis. Nullam pulvinar vestibulum bibendum.\r\nClass aptent taciti sociosqu ad litora torquent per conubia nostra, per inceptos\r\nhimenaeos. Fusce nulla purus, gravida ac interdum ut, blandit eget ex. Duis a\r\nluctus dolor.\r\n\r\nInteger auctor massa maximus nulla scelerisque accumsan. *Aliquam ac malesuada*\r\nex. Pellentesque tortor magna, vulputate eu vulputate ut, venenatis ac lectus.\r\nPraesent ut lacinia sem. Mauris a lectus eget felis mollis feugiat. Quisque\r\nefficitur, mi ut semper pulvinar, urna urna blandit massa, eget tincidunt augue\r\nnulla vitae est.\r\n\r\nUt posuere aliquet tincidunt. Aliquam erat volutpat. **Class aptent taciti**\r\nsociosqu ad litora torquent per conubia nostra, per inceptos himenaeos. Morbi\r\narcu orci, gravida eget aliquam eu, suscipit et ante. Morbi vulputate metus vel\r\nipsum finibus, ut dapibus massa feugiat. Vestibulum vel lobortis libero. Sed\r\ntincidunt tellus et viverra scelerisque. Pellentesque tincidunt cursus felis.\r\nSed in egestas erat.\r\n\r\nAliquam pulvinar interdum massa, vel ullamcorper ante consectetur eu. Vestibulum\r\nlacinia ac enim vel placerat. Integer pulvinar magna nec dui malesuada, nec\r\ncongue nisl dictum. Donec mollis nisl tortor, at congue erat consequat a. Nam\r\ntempus elit porta, blandit elit vel, viverra lorem. Sed sit amet tellus\r\ntincidunt, faucibus nisl in, aliquet libero.', 'anna_admin@symfony.com', '0000-00-00 00:00:00'),
	(15, 'Ut eleifend mauris et risus ultrices egestas', 'ut-eleifend-mauris-et-risus-ultrices-egestas', 'Eros diam egestas libero eu vulputate risus Urna nisl sollicitudin id varius orci quam id turpis Aliquam sodales odio id eleifend tristique Mauris dapibus risus quis suscipit vulputate In hac habitasse platea dictumst Nunc viverra elit ac laoreet suscipit', 'Lorem ipsum dolor sit amet consectetur adipisicing elit, sed do eiusmod tempor\r\nincididunt ut labore et **dolore magna aliqua**: Duis aute irure dolor in\r\nreprehenderit in voluptate velit esse cillum dolore eu fugiat nulla pariatur.\r\nExcepteur sint occaecat cupidatat non proident, sunt in culpa qui officia\r\ndeserunt mollit anim id est laborum.\r\n\r\n  * Ut enim ad minim veniam\r\n  * Quis nostrud exercitation *ullamco laboris*\r\n  * Nisi ut aliquip ex ea commodo consequat\r\n\r\nPraesent id fermentum lorem. Ut est lorem, fringilla at accumsan nec, euismod at\r\nnunc. Aenean mattis sollicitudin mattis. Nullam pulvinar vestibulum bibendum.\r\nClass aptent taciti sociosqu ad litora torquent per conubia nostra, per inceptos\r\nhimenaeos. Fusce nulla purus, gravida ac interdum ut, blandit eget ex. Duis a\r\nluctus dolor.\r\n\r\nInteger auctor massa maximus nulla scelerisque accumsan. *Aliquam ac malesuada*\r\nex. Pellentesque tortor magna, vulputate eu vulputate ut, venenatis ac lectus.\r\nPraesent ut lacinia sem. Mauris a lectus eget felis mollis feugiat. Quisque\r\nefficitur, mi ut semper pulvinar, urna urna blandit massa, eget tincidunt augue\r\nnulla vitae est.\r\n\r\nUt posuere aliquet tincidunt. Aliquam erat volutpat. **Class aptent taciti**\r\nsociosqu ad litora torquent per conubia nostra, per inceptos himenaeos. Morbi\r\narcu orci, gravida eget aliquam eu, suscipit et ante. Morbi vulputate metus vel\r\nipsum finibus, ut dapibus massa feugiat. Vestibulum vel lobortis libero. Sed\r\ntincidunt tellus et viverra scelerisque. Pellentesque tincidunt cursus felis.\r\nSed in egestas erat.\r\n\r\nAliquam pulvinar interdum massa, vel ullamcorper ante consectetur eu. Vestibulum\r\nlacinia ac enim vel placerat. Integer pulvinar magna nec dui malesuada, nec\r\ncongue nisl dictum. Donec mollis nisl tortor, at congue erat consequat a. Nam\r\ntempus elit porta, blandit elit vel, viverra lorem. Sed sit amet tellus\r\ntincidunt, faucibus nisl in, aliquet libero.', 'anna_admin@symfony.com', '0000-00-00 00:00:00'),
	(16, 'Morbi tempus commodo mattis', 'morbi-tempus-commodo-mattis', 'Curabitur aliquam euismod dolor non ornare In hac habitasse platea dictumst Sed varius a risus eget aliquam Mauris dapibus risus quis suscipit vulputate Ut suscipit posuere justo at vulputate Morbi tempus commodo mattis Eros diam egestas libero eu vulputa', 'Lorem ipsum dolor sit amet consectetur adipisicing elit, sed do eiusmod tempor\r\nincididunt ut labore et **dolore magna aliqua**: Duis aute irure dolor in\r\nreprehenderit in voluptate velit esse cillum dolore eu fugiat nulla pariatur.\r\nExcepteur sint occaecat cupidatat non proident, sunt in culpa qui officia\r\ndeserunt mollit anim id est laborum.\r\n\r\n  * Ut enim ad minim veniam\r\n  * Quis nostrud exercitation *ullamco laboris*\r\n  * Nisi ut aliquip ex ea commodo consequat\r\n\r\nPraesent id fermentum lorem. Ut est lorem, fringilla at accumsan nec, euismod at\r\nnunc. Aenean mattis sollicitudin mattis. Nullam pulvinar vestibulum bibendum.\r\nClass aptent taciti sociosqu ad litora torquent per conubia nostra, per inceptos\r\nhimenaeos. Fusce nulla purus, gravida ac interdum ut, blandit eget ex. Duis a\r\nluctus dolor.\r\n\r\nInteger auctor massa maximus nulla scelerisque accumsan. *Aliquam ac malesuada*\r\nex. Pellentesque tortor magna, vulputate eu vulputate ut, venenatis ac lectus.\r\nPraesent ut lacinia sem. Mauris a lectus eget felis mollis feugiat. Quisque\r\nefficitur, mi ut semper pulvinar, urna urna blandit massa, eget tincidunt augue\r\nnulla vitae est.\r\n\r\nUt posuere aliquet tincidunt. Aliquam erat volutpat. **Class aptent taciti**\r\nsociosqu ad litora torquent per conubia nostra, per inceptos himenaeos. Morbi\r\narcu orci, gravida eget aliquam eu, suscipit et ante. Morbi vulputate metus vel\r\nipsum finibus, ut dapibus massa feugiat. Vestibulum vel lobortis libero. Sed\r\ntincidunt tellus et viverra scelerisque. Pellentesque tincidunt cursus felis.\r\nSed in egestas erat.\r\n\r\nAliquam pulvinar interdum massa, vel ullamcorper ante consectetur eu. Vestibulum\r\nlacinia ac enim vel placerat. Integer pulvinar magna nec dui malesuada, nec\r\ncongue nisl dictum. Donec mollis nisl tortor, at congue erat consequat a. Nam\r\ntempus elit porta, blandit elit vel, viverra lorem. Sed sit amet tellus\r\ntincidunt, faucibus nisl in, aliquet libero.', 'anna_admin@symfony.com', '0000-00-00 00:00:00'),
	(17, 'Morbi tempus commodo mattis', 'morbi-tempus-commodo-mattis', 'In hac habitasse platea dictumst Nunc viverra elit ac laoreet suscipit Ut eleifend mauris et risus ultrices egestas Morbi tempus commodo mattis Aliquam sodales odio id eleifend tristique Pellentesque vitae velit ex Pellentesque et sapien pulvinar consecte', 'Lorem ipsum dolor sit amet consectetur adipisicing elit, sed do eiusmod tempor\r\nincididunt ut labore et **dolore magna aliqua**: Duis aute irure dolor in\r\nreprehenderit in voluptate velit esse cillum dolore eu fugiat nulla pariatur.\r\nExcepteur sint occaecat cupidatat non proident, sunt in culpa qui officia\r\ndeserunt mollit anim id est laborum.\r\n\r\n  * Ut enim ad minim veniam\r\n  * Quis nostrud exercitation *ullamco laboris*\r\n  * Nisi ut aliquip ex ea commodo consequat\r\n\r\nPraesent id fermentum lorem. Ut est lorem, fringilla at accumsan nec, euismod at\r\nnunc. Aenean mattis sollicitudin mattis. Nullam pulvinar vestibulum bibendum.\r\nClass aptent taciti sociosqu ad litora torquent per conubia nostra, per inceptos\r\nhimenaeos. Fusce nulla purus, gravida ac interdum ut, blandit eget ex. Duis a\r\nluctus dolor.\r\n\r\nInteger auctor massa maximus nulla scelerisque accumsan. *Aliquam ac malesuada*\r\nex. Pellentesque tortor magna, vulputate eu vulputate ut, venenatis ac lectus.\r\nPraesent ut lacinia sem. Mauris a lectus eget felis mollis feugiat. Quisque\r\nefficitur, mi ut semper pulvinar, urna urna blandit massa, eget tincidunt augue\r\nnulla vitae est.\r\n\r\nUt posuere aliquet tincidunt. Aliquam erat volutpat. **Class aptent taciti**\r\nsociosqu ad litora torquent per conubia nostra, per inceptos himenaeos. Morbi\r\narcu orci, gravida eget aliquam eu, suscipit et ante. Morbi vulputate metus vel\r\nipsum finibus, ut dapibus massa feugiat. Vestibulum vel lobortis libero. Sed\r\ntincidunt tellus et viverra scelerisque. Pellentesque tincidunt cursus felis.\r\nSed in egestas erat.\r\n\r\nAliquam pulvinar interdum massa, vel ullamcorper ante consectetur eu. Vestibulum\r\nlacinia ac enim vel placerat. Integer pulvinar magna nec dui malesuada, nec\r\ncongue nisl dictum. Donec mollis nisl tortor, at congue erat consequat a. Nam\r\ntempus elit porta, blandit elit vel, viverra lorem. Sed sit amet tellus\r\ntincidunt, faucibus nisl in, aliquet libero.', 'anna_admin@symfony.com', '0000-00-00 00:00:00'),
	(18, 'Ut eleifend mauris et risus ultrices egestas', 'ut-eleifend-mauris-et-risus-ultrices-egestas', 'Mauris dapibus risus quis suscipit vulputate Lorem ipsum dolor sit amet consectetur adipiscing elit Ut suscipit posuere justo at vulputate Urna nisl sollicitudin id varius orci quam id turpis Morbi tempus commodo mattis Aliquam sodales odio id eleifend tr', 'Lorem ipsum dolor sit amet consectetur adipisicing elit, sed do eiusmod tempor\r\nincididunt ut labore et **dolore magna aliqua**: Duis aute irure dolor in\r\nreprehenderit in voluptate velit esse cillum dolore eu fugiat nulla pariatur.\r\nExcepteur sint occaecat cupidatat non proident, sunt in culpa qui officia\r\ndeserunt mollit anim id est laborum.\r\n\r\n  * Ut enim ad minim veniam\r\n  * Quis nostrud exercitation *ullamco laboris*\r\n  * Nisi ut aliquip ex ea commodo consequat\r\n\r\nPraesent id fermentum lorem. Ut est lorem, fringilla at accumsan nec, euismod at\r\nnunc. Aenean mattis sollicitudin mattis. Nullam pulvinar vestibulum bibendum.\r\nClass aptent taciti sociosqu ad litora torquent per conubia nostra, per inceptos\r\nhimenaeos. Fusce nulla purus, gravida ac interdum ut, blandit eget ex. Duis a\r\nluctus dolor.\r\n\r\nInteger auctor massa maximus nulla scelerisque accumsan. *Aliquam ac malesuada*\r\nex. Pellentesque tortor magna, vulputate eu vulputate ut, venenatis ac lectus.\r\nPraesent ut lacinia sem. Mauris a lectus eget felis mollis feugiat. Quisque\r\nefficitur, mi ut semper pulvinar, urna urna blandit massa, eget tincidunt augue\r\nnulla vitae est.\r\n\r\nUt posuere aliquet tincidunt. Aliquam erat volutpat. **Class aptent taciti**\r\nsociosqu ad litora torquent per conubia nostra, per inceptos himenaeos. Morbi\r\narcu orci, gravida eget aliquam eu, suscipit et ante. Morbi vulputate metus vel\r\nipsum finibus, ut dapibus massa feugiat. Vestibulum vel lobortis libero. Sed\r\ntincidunt tellus et viverra scelerisque. Pellentesque tincidunt cursus felis.\r\nSed in egestas erat.\r\n\r\nAliquam pulvinar interdum massa, vel ullamcorper ante consectetur eu. Vestibulum\r\nlacinia ac enim vel placerat. Integer pulvinar magna nec dui malesuada, nec\r\ncongue nisl dictum. Donec mollis nisl tortor, at congue erat consequat a. Nam\r\ntempus elit porta, blandit elit vel, viverra lorem. Sed sit amet tellus\r\ntincidunt, faucibus nisl in, aliquet libero.', 'anna_admin@symfony.com', '0000-00-00 00:00:00'),
	(19, 'Curabitur aliquam euismod dolor non ornare', 'curabitur-aliquam-euismod-dolor-non-ornare', 'Ut eleifend mauris et risus ultrices egestas Morbi tempus commodo mattis Nunc viverra elit ac laoreet suscipit Mauris dapibus risus quis suscipit vulputate Urna nisl sollicitudin id varius orci quam id turpis Lorem ipsum dolor sit amet consectetur adipisc', 'Lorem ipsum dolor sit amet consectetur adipisicing elit, sed do eiusmod tempor\r\nincididunt ut labore et **dolore magna aliqua**: Duis aute irure dolor in\r\nreprehenderit in voluptate velit esse cillum dolore eu fugiat nulla pariatur.\r\nExcepteur sint occaecat cupidatat non proident, sunt in culpa qui officia\r\ndeserunt mollit anim id est laborum.\r\n\r\n  * Ut enim ad minim veniam\r\n  * Quis nostrud exercitation *ullamco laboris*\r\n  * Nisi ut aliquip ex ea commodo consequat\r\n\r\nPraesent id fermentum lorem. Ut est lorem, fringilla at accumsan nec, euismod at\r\nnunc. Aenean mattis sollicitudin mattis. Nullam pulvinar vestibulum bibendum.\r\nClass aptent taciti sociosqu ad litora torquent per conubia nostra, per inceptos\r\nhimenaeos. Fusce nulla purus, gravida ac interdum ut, blandit eget ex. Duis a\r\nluctus dolor.\r\n\r\nInteger auctor massa maximus nulla scelerisque accumsan. *Aliquam ac malesuada*\r\nex. Pellentesque tortor magna, vulputate eu vulputate ut, venenatis ac lectus.\r\nPraesent ut lacinia sem. Mauris a lectus eget felis mollis feugiat. Quisque\r\nefficitur, mi ut semper pulvinar, urna urna blandit massa, eget tincidunt augue\r\nnulla vitae est.\r\n\r\nUt posuere aliquet tincidunt. Aliquam erat volutpat. **Class aptent taciti**\r\nsociosqu ad litora torquent per conubia nostra, per inceptos himenaeos. Morbi\r\narcu orci, gravida eget aliquam eu, suscipit et ante. Morbi vulputate metus vel\r\nipsum finibus, ut dapibus massa feugiat. Vestibulum vel lobortis libero. Sed\r\ntincidunt tellus et viverra scelerisque. Pellentesque tincidunt cursus felis.\r\nSed in egestas erat.\r\n\r\nAliquam pulvinar interdum massa, vel ullamcorper ante consectetur eu. Vestibulum\r\nlacinia ac enim vel placerat. Integer pulvinar magna nec dui malesuada, nec\r\ncongue nisl dictum. Donec mollis nisl tortor, at congue erat consequat a. Nam\r\ntempus elit porta, blandit elit vel, viverra lorem. Sed sit amet tellus\r\ntincidunt, faucibus nisl in, aliquet libero.', 'anna_admin@symfony.com', '0000-00-00 00:00:00'),
	(20, 'Eros diam egestas libero eu vulputate risus', 'eros-diam-egestas-libero-eu-vulputate-risus', 'In hac habitasse platea dictumst Urna nisl sollicitudin id varius orci quam id turpis Ut suscipit posuere justo at vulputate Nulla porta lobortis ligula vel egestas Curabitur aliquam euismod dolor non ornare Pellentesque vitae velit ex Aliquam sodales odi', 'Lorem ipsum dolor sit amet consectetur adipisicing elit, sed do eiusmod tempor\r\nincididunt ut labore et **dolore magna aliqua**: Duis aute irure dolor in\r\nreprehenderit in voluptate velit esse cillum dolore eu fugiat nulla pariatur.\r\nExcepteur sint occaecat cupidatat non proident, sunt in culpa qui officia\r\ndeserunt mollit anim id est laborum.\r\n\r\n  * Ut enim ad minim veniam\r\n  * Quis nostrud exercitation *ullamco laboris*\r\n  * Nisi ut aliquip ex ea commodo consequat\r\n\r\nPraesent id fermentum lorem. Ut est lorem, fringilla at accumsan nec, euismod at\r\nnunc. Aenean mattis sollicitudin mattis. Nullam pulvinar vestibulum bibendum.\r\nClass aptent taciti sociosqu ad litora torquent per conubia nostra, per inceptos\r\nhimenaeos. Fusce nulla purus, gravida ac interdum ut, blandit eget ex. Duis a\r\nluctus dolor.\r\n\r\nInteger auctor massa maximus nulla scelerisque accumsan. *Aliquam ac malesuada*\r\nex. Pellentesque tortor magna, vulputate eu vulputate ut, venenatis ac lectus.\r\nPraesent ut lacinia sem. Mauris a lectus eget felis mollis feugiat. Quisque\r\nefficitur, mi ut semper pulvinar, urna urna blandit massa, eget tincidunt augue\r\nnulla vitae est.\r\n\r\nUt posuere aliquet tincidunt. Aliquam erat volutpat. **Class aptent taciti**\r\nsociosqu ad litora torquent per conubia nostra, per inceptos himenaeos. Morbi\r\narcu orci, gravida eget aliquam eu, suscipit et ante. Morbi vulputate metus vel\r\nipsum finibus, ut dapibus massa feugiat. Vestibulum vel lobortis libero. Sed\r\ntincidunt tellus et viverra scelerisque. Pellentesque tincidunt cursus felis.\r\nSed in egestas erat.\r\n\r\nAliquam pulvinar interdum massa, vel ullamcorper ante consectetur eu. Vestibulum\r\nlacinia ac enim vel placerat. Integer pulvinar magna nec dui malesuada, nec\r\ncongue nisl dictum. Donec mollis nisl tortor, at congue erat consequat a. Nam\r\ntempus elit porta, blandit elit vel, viverra lorem. Sed sit amet tellus\r\ntincidunt, faucibus nisl in, aliquet libero.', 'anna_admin@symfony.com', '0000-00-00 00:00:00'),
	(21, 'Aliquam sodales odio id eleifend tristique', 'aliquam-sodales-odio-id-eleifend-tristique', 'In hac habitasse platea dictumst Pellentesque vitae velit ex Ut eleifend mauris et risus ultrices egestas Nunc viverra elit ac laoreet suscipit Morbi tempus commodo mattis Lorem ipsum dolor sit amet consectetur adipiscing elit Pellentesque et sapien pulvi', 'Lorem ipsum dolor sit amet consectetur adipisicing elit, sed do eiusmod tempor\r\nincididunt ut labore et **dolore magna aliqua**: Duis aute irure dolor in\r\nreprehenderit in voluptate velit esse cillum dolore eu fugiat nulla pariatur.\r\nExcepteur sint occaecat cupidatat non proident, sunt in culpa qui officia\r\ndeserunt mollit anim id est laborum.\r\n\r\n  * Ut enim ad minim veniam\r\n  * Quis nostrud exercitation *ullamco laboris*\r\n  * Nisi ut aliquip ex ea commodo consequat\r\n\r\nPraesent id fermentum lorem. Ut est lorem, fringilla at accumsan nec, euismod at\r\nnunc. Aenean mattis sollicitudin mattis. Nullam pulvinar vestibulum bibendum.\r\nClass aptent taciti sociosqu ad litora torquent per conubia nostra, per inceptos\r\nhimenaeos. Fusce nulla purus, gravida ac interdum ut, blandit eget ex. Duis a\r\nluctus dolor.\r\n\r\nInteger auctor massa maximus nulla scelerisque accumsan. *Aliquam ac malesuada*\r\nex. Pellentesque tortor magna, vulputate eu vulputate ut, venenatis ac lectus.\r\nPraesent ut lacinia sem. Mauris a lectus eget felis mollis feugiat. Quisque\r\nefficitur, mi ut semper pulvinar, urna urna blandit massa, eget tincidunt augue\r\nnulla vitae est.\r\n\r\nUt posuere aliquet tincidunt. Aliquam erat volutpat. **Class aptent taciti**\r\nsociosqu ad litora torquent per conubia nostra, per inceptos himenaeos. Morbi\r\narcu orci, gravida eget aliquam eu, suscipit et ante. Morbi vulputate metus vel\r\nipsum finibus, ut dapibus massa feugiat. Vestibulum vel lobortis libero. Sed\r\ntincidunt tellus et viverra scelerisque. Pellentesque tincidunt cursus felis.\r\nSed in egestas erat.\r\n\r\nAliquam pulvinar interdum massa, vel ullamcorper ante consectetur eu. Vestibulum\r\nlacinia ac enim vel placerat. Integer pulvinar magna nec dui malesuada, nec\r\ncongue nisl dictum. Donec mollis nisl tortor, at congue erat consequat a. Nam\r\ntempus elit porta, blandit elit vel, viverra lorem. Sed sit amet tellus\r\ntincidunt, faucibus nisl in, aliquet libero.', 'anna_admin@symfony.com', '0000-00-00 00:00:00'),
	(22, 'Urna nisl sollicitudin id varius orci quam id turpis', 'urna-nisl-sollicitudin-id-varius-orci-quam-id-turpis', 'Pellentesque et sapien pulvinar consectetur Eros diam egestas libero eu vulputate risus Ut eleifend mauris et risus ultrices egestas Mauris dapibus risus quis suscipit vulputate Morbi tempus commodo mattis In hac habitasse platea dictumst Nulla porta lobo', 'Lorem ipsum dolor sit amet consectetur adipisicing elit, sed do eiusmod tempor\r\nincididunt ut labore et **dolore magna aliqua**: Duis aute irure dolor in\r\nreprehenderit in voluptate velit esse cillum dolore eu fugiat nulla pariatur.\r\nExcepteur sint occaecat cupidatat non proident, sunt in culpa qui officia\r\ndeserunt mollit anim id est laborum.\r\n\r\n  * Ut enim ad minim veniam\r\n  * Quis nostrud exercitation *ullamco laboris*\r\n  * Nisi ut aliquip ex ea commodo consequat\r\n\r\nPraesent id fermentum lorem. Ut est lorem, fringilla at accumsan nec, euismod at\r\nnunc. Aenean mattis sollicitudin mattis. Nullam pulvinar vestibulum bibendum.\r\nClass aptent taciti sociosqu ad litora torquent per conubia nostra, per inceptos\r\nhimenaeos. Fusce nulla purus, gravida ac interdum ut, blandit eget ex. Duis a\r\nluctus dolor.\r\n\r\nInteger auctor massa maximus nulla scelerisque accumsan. *Aliquam ac malesuada*\r\nex. Pellentesque tortor magna, vulputate eu vulputate ut, venenatis ac lectus.\r\nPraesent ut lacinia sem. Mauris a lectus eget felis mollis feugiat. Quisque\r\nefficitur, mi ut semper pulvinar, urna urna blandit massa, eget tincidunt augue\r\nnulla vitae est.\r\n\r\nUt posuere aliquet tincidunt. Aliquam erat volutpat. **Class aptent taciti**\r\nsociosqu ad litora torquent per conubia nostra, per inceptos himenaeos. Morbi\r\narcu orci, gravida eget aliquam eu, suscipit et ante. Morbi vulputate metus vel\r\nipsum finibus, ut dapibus massa feugiat. Vestibulum vel lobortis libero. Sed\r\ntincidunt tellus et viverra scelerisque. Pellentesque tincidunt cursus felis.\r\nSed in egestas erat.\r\n\r\nAliquam pulvinar interdum massa, vel ullamcorper ante consectetur eu. Vestibulum\r\nlacinia ac enim vel placerat. Integer pulvinar magna nec dui malesuada, nec\r\ncongue nisl dictum. Donec mollis nisl tortor, at congue erat consequat a. Nam\r\ntempus elit porta, blandit elit vel, viverra lorem. Sed sit amet tellus\r\ntincidunt, faucibus nisl in, aliquet libero.', 'anna_admin@symfony.com', '0000-00-00 00:00:00'),
	(23, 'Sed varius a risus eget aliquam', 'sed-varius-a-risus-eget-aliquam', 'In hac habitasse platea dictumst Aliquam sodales odio id eleifend tristique Nulla porta lobortis ligula vel egestas Curabitur aliquam euismod dolor non ornare Urna nisl sollicitudin id varius orci quam id turpis Ut eleifend mauris et risus ultrices egesta', 'Lorem ipsum dolor sit amet consectetur adipisicing elit, sed do eiusmod tempor\r\nincididunt ut labore et **dolore magna aliqua**: Duis aute irure dolor in\r\nreprehenderit in voluptate velit esse cillum dolore eu fugiat nulla pariatur.\r\nExcepteur sint occaecat cupidatat non proident, sunt in culpa qui officia\r\ndeserunt mollit anim id est laborum.\r\n\r\n  * Ut enim ad minim veniam\r\n  * Quis nostrud exercitation *ullamco laboris*\r\n  * Nisi ut aliquip ex ea commodo consequat\r\n\r\nPraesent id fermentum lorem. Ut est lorem, fringilla at accumsan nec, euismod at\r\nnunc. Aenean mattis sollicitudin mattis. Nullam pulvinar vestibulum bibendum.\r\nClass aptent taciti sociosqu ad litora torquent per conubia nostra, per inceptos\r\nhimenaeos. Fusce nulla purus, gravida ac interdum ut, blandit eget ex. Duis a\r\nluctus dolor.\r\n\r\nInteger auctor massa maximus nulla scelerisque accumsan. *Aliquam ac malesuada*\r\nex. Pellentesque tortor magna, vulputate eu vulputate ut, venenatis ac lectus.\r\nPraesent ut lacinia sem. Mauris a lectus eget felis mollis feugiat. Quisque\r\nefficitur, mi ut semper pulvinar, urna urna blandit massa, eget tincidunt augue\r\nnulla vitae est.\r\n\r\nUt posuere aliquet tincidunt. Aliquam erat volutpat. **Class aptent taciti**\r\nsociosqu ad litora torquent per conubia nostra, per inceptos himenaeos. Morbi\r\narcu orci, gravida eget aliquam eu, suscipit et ante. Morbi vulputate metus vel\r\nipsum finibus, ut dapibus massa feugiat. Vestibulum vel lobortis libero. Sed\r\ntincidunt tellus et viverra scelerisque. Pellentesque tincidunt cursus felis.\r\nSed in egestas erat.\r\n\r\nAliquam pulvinar interdum massa, vel ullamcorper ante consectetur eu. Vestibulum\r\nlacinia ac enim vel placerat. Integer pulvinar magna nec dui malesuada, nec\r\ncongue nisl dictum. Donec mollis nisl tortor, at congue erat consequat a. Nam\r\ntempus elit porta, blandit elit vel, viverra lorem. Sed sit amet tellus\r\ntincidunt, faucibus nisl in, aliquet libero.', 'anna_admin@symfony.com', '0000-00-00 00:00:00'),
	(24, 'Ut eleifend mauris et risus ultrices egestas', 'ut-eleifend-mauris-et-risus-ultrices-egestas', 'Urna nisl sollicitudin id varius orci quam id turpis Pellentesque vitae velit ex Morbi tempus commodo mattis Pellentesque et sapien pulvinar consectetur In hac habitasse platea dictumst', 'Lorem ipsum dolor sit amet consectetur adipisicing elit, sed do eiusmod tempor\r\nincididunt ut labore et **dolore magna aliqua**: Duis aute irure dolor in\r\nreprehenderit in voluptate velit esse cillum dolore eu fugiat nulla pariatur.\r\nExcepteur sint occaecat cupidatat non proident, sunt in culpa qui officia\r\ndeserunt mollit anim id est laborum.\r\n\r\n  * Ut enim ad minim veniam\r\n  * Quis nostrud exercitation *ullamco laboris*\r\n  * Nisi ut aliquip ex ea commodo consequat\r\n\r\nPraesent id fermentum lorem. Ut est lorem, fringilla at accumsan nec, euismod at\r\nnunc. Aenean mattis sollicitudin mattis. Nullam pulvinar vestibulum bibendum.\r\nClass aptent taciti sociosqu ad litora torquent per conubia nostra, per inceptos\r\nhimenaeos. Fusce nulla purus, gravida ac interdum ut, blandit eget ex. Duis a\r\nluctus dolor.\r\n\r\nInteger auctor massa maximus nulla scelerisque accumsan. *Aliquam ac malesuada*\r\nex. Pellentesque tortor magna, vulputate eu vulputate ut, venenatis ac lectus.\r\nPraesent ut lacinia sem. Mauris a lectus eget felis mollis feugiat. Quisque\r\nefficitur, mi ut semper pulvinar, urna urna blandit massa, eget tincidunt augue\r\nnulla vitae est.\r\n\r\nUt posuere aliquet tincidunt. Aliquam erat volutpat. **Class aptent taciti**\r\nsociosqu ad litora torquent per conubia nostra, per inceptos himenaeos. Morbi\r\narcu orci, gravida eget aliquam eu, suscipit et ante. Morbi vulputate metus vel\r\nipsum finibus, ut dapibus massa feugiat. Vestibulum vel lobortis libero. Sed\r\ntincidunt tellus et viverra scelerisque. Pellentesque tincidunt cursus felis.\r\nSed in egestas erat.\r\n\r\nAliquam pulvinar interdum massa, vel ullamcorper ante consectetur eu. Vestibulum\r\nlacinia ac enim vel placerat. Integer pulvinar magna nec dui malesuada, nec\r\ncongue nisl dictum. Donec mollis nisl tortor, at congue erat consequat a. Nam\r\ntempus elit porta, blandit elit vel, viverra lorem. Sed sit amet tellus\r\ntincidunt, faucibus nisl in, aliquet libero.', 'anna_admin@symfony.com', '0000-00-00 00:00:00'),
	(25, 'Nulla porta lobortis ligula vel egestas', 'nulla-porta-lobortis-ligula-vel-egestas', 'Curabitur aliquam euismod dolor non ornare Eros diam egestas libero eu vulputate risus Pellentesque vitae velit ex Nunc viverra elit ac laoreet suscipit Nulla porta lobortis ligula vel egestas Morbi tempus commodo mattis Ut eleifend mauris et risus ultric', 'Lorem ipsum dolor sit amet consectetur adipisicing elit, sed do eiusmod tempor\r\nincididunt ut labore et **dolore magna aliqua**: Duis aute irure dolor in\r\nreprehenderit in voluptate velit esse cillum dolore eu fugiat nulla pariatur.\r\nExcepteur sint occaecat cupidatat non proident, sunt in culpa qui officia\r\ndeserunt mollit anim id est laborum.\r\n\r\n  * Ut enim ad minim veniam\r\n  * Quis nostrud exercitation *ullamco laboris*\r\n  * Nisi ut aliquip ex ea commodo consequat\r\n\r\nPraesent id fermentum lorem. Ut est lorem, fringilla at accumsan nec, euismod at\r\nnunc. Aenean mattis sollicitudin mattis. Nullam pulvinar vestibulum bibendum.\r\nClass aptent taciti sociosqu ad litora torquent per conubia nostra, per inceptos\r\nhimenaeos. Fusce nulla purus, gravida ac interdum ut, blandit eget ex. Duis a\r\nluctus dolor.\r\n\r\nInteger auctor massa maximus nulla scelerisque accumsan. *Aliquam ac malesuada*\r\nex. Pellentesque tortor magna, vulputate eu vulputate ut, venenatis ac lectus.\r\nPraesent ut lacinia sem. Mauris a lectus eget felis mollis feugiat. Quisque\r\nefficitur, mi ut semper pulvinar, urna urna blandit massa, eget tincidunt augue\r\nnulla vitae est.\r\n\r\nUt posuere aliquet tincidunt. Aliquam erat volutpat. **Class aptent taciti**\r\nsociosqu ad litora torquent per conubia nostra, per inceptos himenaeos. Morbi\r\narcu orci, gravida eget aliquam eu, suscipit et ante. Morbi vulputate metus vel\r\nipsum finibus, ut dapibus massa feugiat. Vestibulum vel lobortis libero. Sed\r\ntincidunt tellus et viverra scelerisque. Pellentesque tincidunt cursus felis.\r\nSed in egestas erat.\r\n\r\nAliquam pulvinar interdum massa, vel ullamcorper ante consectetur eu. Vestibulum\r\nlacinia ac enim vel placerat. Integer pulvinar magna nec dui malesuada, nec\r\ncongue nisl dictum. Donec mollis nisl tortor, at congue erat consequat a. Nam\r\ntempus elit porta, blandit elit vel, viverra lorem. Sed sit amet tellus\r\ntincidunt, faucibus nisl in, aliquet libero.', 'anna_admin@symfony.com', '0000-00-00 00:00:00'),
	(26, 'Mauris dapibus risus quis suscipit vulputate', 'mauris-dapibus-risus-quis-suscipit-vulputate', 'Sed varius a risus eget aliquam Morbi tempus commodo mattis Nunc viverra elit ac laoreet suscipit Ut suscipit posuere justo at vulputate In hac habitasse platea dictumst Aliquam sodales odio id eleifend tristique Mauris dapibus risus quis suscipit vulputa', 'Lorem ipsum dolor sit amet consectetur adipisicing elit, sed do eiusmod tempor\r\nincididunt ut labore et **dolore magna aliqua**: Duis aute irure dolor in\r\nreprehenderit in voluptate velit esse cillum dolore eu fugiat nulla pariatur.\r\nExcepteur sint occaecat cupidatat non proident, sunt in culpa qui officia\r\ndeserunt mollit anim id est laborum.\r\n\r\n  * Ut enim ad minim veniam\r\n  * Quis nostrud exercitation *ullamco laboris*\r\n  * Nisi ut aliquip ex ea commodo consequat\r\n\r\nPraesent id fermentum lorem. Ut est lorem, fringilla at accumsan nec, euismod at\r\nnunc. Aenean mattis sollicitudin mattis. Nullam pulvinar vestibulum bibendum.\r\nClass aptent taciti sociosqu ad litora torquent per conubia nostra, per inceptos\r\nhimenaeos. Fusce nulla purus, gravida ac interdum ut, blandit eget ex. Duis a\r\nluctus dolor.\r\n\r\nInteger auctor massa maximus nulla scelerisque accumsan. *Aliquam ac malesuada*\r\nex. Pellentesque tortor magna, vulputate eu vulputate ut, venenatis ac lectus.\r\nPraesent ut lacinia sem. Mauris a lectus eget felis mollis feugiat. Quisque\r\nefficitur, mi ut semper pulvinar, urna urna blandit massa, eget tincidunt augue\r\nnulla vitae est.\r\n\r\nUt posuere aliquet tincidunt. Aliquam erat volutpat. **Class aptent taciti**\r\nsociosqu ad litora torquent per conubia nostra, per inceptos himenaeos. Morbi\r\narcu orci, gravida eget aliquam eu, suscipit et ante. Morbi vulputate metus vel\r\nipsum finibus, ut dapibus massa feugiat. Vestibulum vel lobortis libero. Sed\r\ntincidunt tellus et viverra scelerisque. Pellentesque tincidunt cursus felis.\r\nSed in egestas erat.\r\n\r\nAliquam pulvinar interdum massa, vel ullamcorper ante consectetur eu. Vestibulum\r\nlacinia ac enim vel placerat. Integer pulvinar magna nec dui malesuada, nec\r\ncongue nisl dictum. Donec mollis nisl tortor, at congue erat consequat a. Nam\r\ntempus elit porta, blandit elit vel, viverra lorem. Sed sit amet tellus\r\ntincidunt, faucibus nisl in, aliquet libero.', 'anna_admin@symfony.com', '0000-00-00 00:00:00'),
	(27, 'Eros diam egestas libero eu vulputate risus', 'eros-diam-egestas-libero-eu-vulputate-risus', 'In hac habitasse platea dictumst Pellentesque et sapien pulvinar consectetur Ut eleifend mauris et risus ultrices egestas Sed varius a risus eget aliquam Eros diam egestas libero eu vulputate risus Lorem ipsum dolor sit amet consectetur adipiscing elit Ma', 'Lorem ipsum dolor sit amet consectetur adipisicing elit, sed do eiusmod tempor\r\nincididunt ut labore et **dolore magna aliqua**: Duis aute irure dolor in\r\nreprehenderit in voluptate velit esse cillum dolore eu fugiat nulla pariatur.\r\nExcepteur sint occaecat cupidatat non proident, sunt in culpa qui officia\r\ndeserunt mollit anim id est laborum.\r\n\r\n  * Ut enim ad minim veniam\r\n  * Quis nostrud exercitation *ullamco laboris*\r\n  * Nisi ut aliquip ex ea commodo consequat\r\n\r\nPraesent id fermentum lorem. Ut est lorem, fringilla at accumsan nec, euismod at\r\nnunc. Aenean mattis sollicitudin mattis. Nullam pulvinar vestibulum bibendum.\r\nClass aptent taciti sociosqu ad litora torquent per conubia nostra, per inceptos\r\nhimenaeos. Fusce nulla purus, gravida ac interdum ut, blandit eget ex. Duis a\r\nluctus dolor.\r\n\r\nInteger auctor massa maximus nulla scelerisque accumsan. *Aliquam ac malesuada*\r\nex. Pellentesque tortor magna, vulputate eu vulputate ut, venenatis ac lectus.\r\nPraesent ut lacinia sem. Mauris a lectus eget felis mollis feugiat. Quisque\r\nefficitur, mi ut semper pulvinar, urna urna blandit massa, eget tincidunt augue\r\nnulla vitae est.\r\n\r\nUt posuere aliquet tincidunt. Aliquam erat volutpat. **Class aptent taciti**\r\nsociosqu ad litora torquent per conubia nostra, per inceptos himenaeos. Morbi\r\narcu orci, gravida eget aliquam eu, suscipit et ante. Morbi vulputate metus vel\r\nipsum finibus, ut dapibus massa feugiat. Vestibulum vel lobortis libero. Sed\r\ntincidunt tellus et viverra scelerisque. Pellentesque tincidunt cursus felis.\r\nSed in egestas erat.\r\n\r\nAliquam pulvinar interdum massa, vel ullamcorper ante consectetur eu. Vestibulum\r\nlacinia ac enim vel placerat. Integer pulvinar magna nec dui malesuada, nec\r\ncongue nisl dictum. Donec mollis nisl tortor, at congue erat consequat a. Nam\r\ntempus elit porta, blandit elit vel, viverra lorem. Sed sit amet tellus\r\ntincidunt, faucibus nisl in, aliquet libero.', 'anna_admin@symfony.com', '0000-00-00 00:00:00'),
	(28, 'Nulla porta lobortis ligula vel egestas', 'nulla-porta-lobortis-ligula-vel-egestas', 'Mauris dapibus risus quis suscipit vulputate Lorem ipsum dolor sit amet consectetur adipiscing elit Eros diam egestas libero eu vulputate risus Pellentesque vitae velit ex Aliquam sodales odio id eleifend tristique Urna nisl sollicitudin id varius orci qu', 'Lorem ipsum dolor sit amet consectetur adipisicing elit, sed do eiusmod tempor\r\nincididunt ut labore et **dolore magna aliqua**: Duis aute irure dolor in\r\nreprehenderit in voluptate velit esse cillum dolore eu fugiat nulla pariatur.\r\nExcepteur sint occaecat cupidatat non proident, sunt in culpa qui officia\r\ndeserunt mollit anim id est laborum.\r\n\r\n  * Ut enim ad minim veniam\r\n  * Quis nostrud exercitation *ullamco laboris*\r\n  * Nisi ut aliquip ex ea commodo consequat\r\n\r\nPraesent id fermentum lorem. Ut est lorem, fringilla at accumsan nec, euismod at\r\nnunc. Aenean mattis sollicitudin mattis. Nullam pulvinar vestibulum bibendum.\r\nClass aptent taciti sociosqu ad litora torquent per conubia nostra, per inceptos\r\nhimenaeos. Fusce nulla purus, gravida ac interdum ut, blandit eget ex. Duis a\r\nluctus dolor.\r\n\r\nInteger auctor massa maximus nulla scelerisque accumsan. *Aliquam ac malesuada*\r\nex. Pellentesque tortor magna, vulputate eu vulputate ut, venenatis ac lectus.\r\nPraesent ut lacinia sem. Mauris a lectus eget felis mollis feugiat. Quisque\r\nefficitur, mi ut semper pulvinar, urna urna blandit massa, eget tincidunt augue\r\nnulla vitae est.\r\n\r\nUt posuere aliquet tincidunt. Aliquam erat volutpat. **Class aptent taciti**\r\nsociosqu ad litora torquent per conubia nostra, per inceptos himenaeos. Morbi\r\narcu orci, gravida eget aliquam eu, suscipit et ante. Morbi vulputate metus vel\r\nipsum finibus, ut dapibus massa feugiat. Vestibulum vel lobortis libero. Sed\r\ntincidunt tellus et viverra scelerisque. Pellentesque tincidunt cursus felis.\r\nSed in egestas erat.\r\n\r\nAliquam pulvinar interdum massa, vel ullamcorper ante consectetur eu. Vestibulum\r\nlacinia ac enim vel placerat. Integer pulvinar magna nec dui malesuada, nec\r\ncongue nisl dictum. Donec mollis nisl tortor, at congue erat consequat a. Nam\r\ntempus elit porta, blandit elit vel, viverra lorem. Sed sit amet tellus\r\ntincidunt, faucibus nisl in, aliquet libero.', 'anna_admin@symfony.com', '0000-00-00 00:00:00'),
	(29, 'Eros diam egestas libero eu vulputate risus', 'eros-diam-egestas-libero-eu-vulputate-risus', 'Ut suscipit posuere justo at vulputate Eros diam egestas libero eu vulputate risus Nulla porta lobortis ligula vel egestas Mauris dapibus risus quis suscipit vulputate In hac habitasse platea dictumst Sed varius a risus eget aliquam Aliquam sodales odio i', 'Lorem ipsum dolor sit amet consectetur adipisicing elit, sed do eiusmod tempor\r\nincididunt ut labore et **dolore magna aliqua**: Duis aute irure dolor in\r\nreprehenderit in voluptate velit esse cillum dolore eu fugiat nulla pariatur.\r\nExcepteur sint occaecat cupidatat non proident, sunt in culpa qui officia\r\ndeserunt mollit anim id est laborum.\r\n\r\n  * Ut enim ad minim veniam\r\n  * Quis nostrud exercitation *ullamco laboris*\r\n  * Nisi ut aliquip ex ea commodo consequat\r\n\r\nPraesent id fermentum lorem. Ut est lorem, fringilla at accumsan nec, euismod at\r\nnunc. Aenean mattis sollicitudin mattis. Nullam pulvinar vestibulum bibendum.\r\nClass aptent taciti sociosqu ad litora torquent per conubia nostra, per inceptos\r\nhimenaeos. Fusce nulla purus, gravida ac interdum ut, blandit eget ex. Duis a\r\nluctus dolor.\r\n\r\nInteger auctor massa maximus nulla scelerisque accumsan. *Aliquam ac malesuada*\r\nex. Pellentesque tortor magna, vulputate eu vulputate ut, venenatis ac lectus.\r\nPraesent ut lacinia sem. Mauris a lectus eget felis mollis feugiat. Quisque\r\nefficitur, mi ut semper pulvinar, urna urna blandit massa, eget tincidunt augue\r\nnulla vitae est.\r\n\r\nUt posuere aliquet tincidunt. Aliquam erat volutpat. **Class aptent taciti**\r\nsociosqu ad litora torquent per conubia nostra, per inceptos himenaeos. Morbi\r\narcu orci, gravida eget aliquam eu, suscipit et ante. Morbi vulputate metus vel\r\nipsum finibus, ut dapibus massa feugiat. Vestibulum vel lobortis libero. Sed\r\ntincidunt tellus et viverra scelerisque. Pellentesque tincidunt cursus felis.\r\nSed in egestas erat.\r\n\r\nAliquam pulvinar interdum massa, vel ullamcorper ante consectetur eu. Vestibulum\r\nlacinia ac enim vel placerat. Integer pulvinar magna nec dui malesuada, nec\r\ncongue nisl dictum. Donec mollis nisl tortor, at congue erat consequat a. Nam\r\ntempus elit porta, blandit elit vel, viverra lorem. Sed sit amet tellus\r\ntincidunt, faucibus nisl in, aliquet libero.', 'anna_admin@symfony.com', '0000-00-00 00:00:00'),
	(30, 'Nunc viverra elit ac laoreet suscipit', 'nunc-viverra-elit-ac-laoreet-suscipit', 'Nulla porta lobortis ligula vel egestas Aliquam sodales odio id eleifend tristique Ut eleifend mauris et risus ultrices egestas Nunc viverra elit ac laoreet suscipit Ut suscipit posuere justo at vulputate Curabitur aliquam euismod dolor non ornare Urna ni', 'Lorem ipsum dolor sit amet consectetur adipisicing elit, sed do eiusmod tempor\r\nincididunt ut labore et **dolore magna aliqua**: Duis aute irure dolor in\r\nreprehenderit in voluptate velit esse cillum dolore eu fugiat nulla pariatur.\r\nExcepteur sint occaecat cupidatat non proident, sunt in culpa qui officia\r\ndeserunt mollit anim id est laborum.\r\n\r\n  * Ut enim ad minim veniam\r\n  * Quis nostrud exercitation *ullamco laboris*\r\n  * Nisi ut aliquip ex ea commodo consequat\r\n\r\nPraesent id fermentum lorem. Ut est lorem, fringilla at accumsan nec, euismod at\r\nnunc. Aenean mattis sollicitudin mattis. Nullam pulvinar vestibulum bibendum.\r\nClass aptent taciti sociosqu ad litora torquent per conubia nostra, per inceptos\r\nhimenaeos. Fusce nulla purus, gravida ac interdum ut, blandit eget ex. Duis a\r\nluctus dolor.\r\n\r\nInteger auctor massa maximus nulla scelerisque accumsan. *Aliquam ac malesuada*\r\nex. Pellentesque tortor magna, vulputate eu vulputate ut, venenatis ac lectus.\r\nPraesent ut lacinia sem. Mauris a lectus eget felis mollis feugiat. Quisque\r\nefficitur, mi ut semper pulvinar, urna urna blandit massa, eget tincidunt augue\r\nnulla vitae est.\r\n\r\nUt posuere aliquet tincidunt. Aliquam erat volutpat. **Class aptent taciti**\r\nsociosqu ad litora torquent per conubia nostra, per inceptos himenaeos. Morbi\r\narcu orci, gravida eget aliquam eu, suscipit et ante. Morbi vulputate metus vel\r\nipsum finibus, ut dapibus massa feugiat. Vestibulum vel lobortis libero. Sed\r\ntincidunt tellus et viverra scelerisque. Pellentesque tincidunt cursus felis.\r\nSed in egestas erat.\r\n\r\nAliquam pulvinar interdum massa, vel ullamcorper ante consectetur eu. Vestibulum\r\nlacinia ac enim vel placerat. Integer pulvinar magna nec dui malesuada, nec\r\ncongue nisl dictum. Donec mollis nisl tortor, at congue erat consequat a. Nam\r\ntempus elit porta, blandit elit vel, viverra lorem. Sed sit amet tellus\r\ntincidunt, faucibus nisl in, aliquet libero.', 'anna_admin@symfony.com', '0000-00-00 00:00:00');
/*!40000 ALTER TABLE `post` ENABLE KEYS */;


-- Dumping structure for table eav_slim3_db.register
DROP TABLE IF EXISTS `register`;
CREATE TABLE IF NOT EXISTS `register` (
  `id` bigint(20) unsigned NOT NULL AUTO_INCREMENT,
  `id_parent` bigint(20) unsigned DEFAULT NULL,
  `id_entity` int(10) unsigned NOT NULL,
  `id_state` int(10) unsigned NOT NULL,
  PRIMARY KEY (`id`),
  UNIQUE KEY `idx_unique_register_entity` (`id`,`id_entity`),
  UNIQUE KEY `idx_unique_register_state` (`id`,`id_state`),
  KEY `IDX_8CAA6391BB9D5A2` (`id_parent`),
  KEY `IDX_8CAA639281FF185` (`id_entity`),
  KEY `IDX_8CAA6394D1693CB` (`id_state`),
  KEY `idx_register_state` (`id`,`id_state`),
  CONSTRAINT `FK_8CAA6391BB9D5A2` FOREIGN KEY (`id_parent`) REFERENCES `register` (`id`),
  CONSTRAINT `FK_8CAA639281FF185` FOREIGN KEY (`id_entity`) REFERENCES `entity` (`id`),
  CONSTRAINT `FK_8CAA6394D1693CB` FOREIGN KEY (`id_state`) REFERENCES `state` (`id`)
) ENGINE=InnoDB AUTO_INCREMENT=28 DEFAULT CHARSET=utf8 COLLATE=utf8_unicode_ci;

-- Dumping data for table eav_slim3_db.register: ~14 rows (approximately)
DELETE FROM `register`;
/*!40000 ALTER TABLE `register` DISABLE KEYS */;
INSERT INTO `register` (`id`, `id_parent`, `id_entity`, `id_state`) VALUES
	(2, 18, 1, 4),
	(3, 18, 1, 4),
	(16, 19, 1, 4),
	(17, 19, 1, 4),
	(18, NULL, 2, 7),
	(19, NULL, 2, 7),
	(20, NULL, 1, 4),
	(21, NULL, 1, 4),
	(22, NULL, 1, 4),
	(23, NULL, 1, 3),
	(24, NULL, 1, 3),
	(25, NULL, 1, 3),
	(26, NULL, 1, 3),
	(27, NULL, 1, 3);
/*!40000 ALTER TABLE `register` ENABLE KEYS */;


-- Dumping structure for table eav_slim3_db.state
DROP TABLE IF EXISTS `state`;
CREATE TABLE IF NOT EXISTS `state` (
  `id` int(11) unsigned NOT NULL AUTO_INCREMENT,
  `id_entity` int(11) unsigned DEFAULT NULL,
  `id_module` int(11) unsigned DEFAULT NULL,
  `name` varchar(64) NOT NULL DEFAULT '',
  `description` varchar(64) NOT NULL DEFAULT '',
  PRIMARY KEY (`id`),
  KEY `IDX_DF798E4281FF185` (`id_entity`),
  KEY `FK_state_module` (`id_module`),
  CONSTRAINT `FK_DF798E4281FF185` FOREIGN KEY (`id_entity`) REFERENCES `entity` (`id`),
  CONSTRAINT `FK_state_module` FOREIGN KEY (`id_module`) REFERENCES `module` (`id`)
) ENGINE=InnoDB AUTO_INCREMENT=9 DEFAULT CHARSET=utf8;

-- Dumping data for table eav_slim3_db.state: ~6 rows (approximately)
DELETE FROM `state`;
/*!40000 ALTER TABLE `state` DISABLE KEYS */;
INSERT INTO `state` (`id`, `id_entity`, `id_module`, `name`, `description`) VALUES
	(3, 1, 1, 'Inserting', '0'),
	(4, 1, 1, 'Inserted', '0'),
	(5, 1, 1, 'Deleted', '0'),
	(6, 2, 5, 'Inserting', '0'),
	(7, 2, 5, 'Inserted', '0'),
	(8, 2, 5, 'Deleted', '0');
/*!40000 ALTER TABLE `state` ENABLE KEYS */;


-- Dumping structure for table eav_slim3_db.type
DROP TABLE IF EXISTS `type`;
CREATE TABLE IF NOT EXISTS `type` (
  `id` int(10) unsigned NOT NULL AUTO_INCREMENT,
  `name` varchar(64) COLLATE utf8_unicode_ci NOT NULL,
  `type` varchar(64) COLLATE utf8_unicode_ci NOT NULL,
  `length` int(10) unsigned NOT NULL,
  `html` varchar(255) COLLATE utf8_unicode_ci NOT NULL,
  `css` varchar(255) COLLATE utf8_unicode_ci NOT NULL,
  PRIMARY KEY (`id`)
) ENGINE=InnoDB AUTO_INCREMENT=4 DEFAULT CHARSET=utf8 COLLATE=utf8_unicode_ci;

-- Dumping data for table eav_slim3_db.type: ~3 rows (approximately)
DELETE FROM `type`;
/*!40000 ALTER TABLE `type` DISABLE KEYS */;
INSERT INTO `type` (`id`, `name`, `type`, `length`, `html`, `css`) VALUES
	(1, 'int', 'int', 10, '<input id="{ID}" name="attr[{ID}]" value="{VALUE}" type="text" placeholder="{PLACEHOLDER}" class="{CLASS-CSS}" size="{SIZE}" maxlength="10" data-type="int" title="{PLACEHOLDER}">', ''),
	(2, 'string32', 'varchar', 32, '<input id="{ID}" name="attr[{ID}]" value="{VALUE}" type="text" placeholder="{PLACEHOLDER}" class="{CLASS-CSS}" size="{SIZE}" maxlength="32" data-type="string32" title="{PLACEHOLDER}">', ''),
	(3, 'string256', 'varchar', 256, '<input id="{ID}" name="attr[{ID}]" value="{VALUE}" type="text" placeholder="{PLACEHOLDER}" class="{CLASS-CSS}" size="{SIZE}" maxlength="256" data-type="string256" title="{PLACEHOLDER}">', '');
/*!40000 ALTER TABLE `type` ENABLE KEYS */;


-- Dumping structure for table eav_slim3_db.user
DROP TABLE IF EXISTS `user`;
CREATE TABLE IF NOT EXISTS `user` (
  `id` int(11) NOT NULL AUTO_INCREMENT,
  `username` varchar(255) COLLATE utf8_unicode_ci NOT NULL,
  `email` varchar(255) COLLATE utf8_unicode_ci NOT NULL,
  `password` varchar(255) COLLATE utf8_unicode_ci NOT NULL,
  `roles` longtext COLLATE utf8_unicode_ci NOT NULL COMMENT '(DC2Type:json_array)',
  PRIMARY KEY (`id`),
  UNIQUE KEY `UNIQ_2DA17977F85E0677` (`username`),
  UNIQUE KEY `UNIQ_2DA17977E7927C74` (`email`)
) ENGINE=InnoDB AUTO_INCREMENT=3 DEFAULT CHARSET=utf8 COLLATE=utf8_unicode_ci;

-- Dumping data for table eav_slim3_db.user: ~2 rows (approximately)
DELETE FROM `user`;
/*!40000 ALTER TABLE `user` DISABLE KEYS */;
INSERT INTO `user` (`id`, `username`, `email`, `password`, `roles`) VALUES
	(1, 'john_user', 'john_user@symfony.com', '$2y$13$nXcXgsQSnNuj1Z4KibTSKuaq3V0flRNM5ezRBJn16iaX36YzJLeI.', '[]'),
	(2, 'anna_admin', 'anna_admin@symfony.com', '$2y$13$FgCRpImk9IsUVsqvctCtAOwcmS2PLQInKJMDbihjYAaa0X5Y9qN9u', '["ROLE_ADMIN"]');
/*!40000 ALTER TABLE `user` ENABLE KEYS */;
/*!40101 SET SQL_MODE=IFNULL(@OLD_SQL_MODE, '') */;
/*!40014 SET FOREIGN_KEY_CHECKS=IF(@OLD_FOREIGN_KEY_CHECKS IS NULL, 1, @OLD_FOREIGN_KEY_CHECKS) */;
/*!40101 SET CHARACTER_SET_CLIENT=@OLD_CHARACTER_SET_CLIENT */;
